"","Family","Genus","Species","a_mean","b_mean","Lmax"
"1","Apogonidae","Apogon","Apogon binotatus",0.0237266666666667,2.96301111111111,8.86538461538461
"2","Apogonidae","Phaeoptyx","Phaeoptyx xenus",0.0072,3.3714,7.5
"3","Bythitidae","Ogilbia","Ogilbia sp.",0.0142,2.81273333333333,7
"4","Gobiidae","Coryphopterus","Coryphopterus glaucofraenum",0.01298,2.89233333333333,8
"5","Pomacentridae","Stegastes","Stegastes adustus",0.0244111111111111,3.0119,15
"6","Labridae","Scarus","Scarus iseri",0.01525,3.05325,35
"7","Serranidae","Hypoplectrus","Hypoplectrus puella",0.009,3.04,15.2399997711182
"8","Tetraodontidae","Canthigaster","Canthigaster rostrata",0.046376,2.80118,12
"9","Batrachoididae","Amphichthys","Amphichthys cryptocentrus",0.0104472972972973,3.13098648648649,40
"10","Gobiidae","Risor","Risor ruber",0.0117848300970874,3.03104733009709,2.5
"11","Labridae","Halichoeres","Halichoeres bivittatus",0.01195,3.01615,35
"12","Apogonidae","Phaeoptyx","Phaeoptyx pigmentaria",0.0072,3.3714,7.5
"13","Gobiidae","Coryphopterus","Coryphopterus personatus",0.01142,3.0844,4
"14","Gobiidae","Coryphopterus","Coryphopterus tortugae",0.01142,3.0844,5.36363636363636
"15","Pomacentridae","Stegastes","Stegastes partitus",0.0244111111111111,3.0119,10
"16","Pomacentridae","Stegastes","Stegastes xanthurus",0.0244111111111111,3.0119,12.7400000254313
"17","Blenniidae","Parablennius","Parablennius marmoreus",0.0104393333333333,3.05203333333333,8.5
"18","Gobiidae","Gnatholepis","Gnatholepis thompsoni",0.00351,3.766,8.19999980926514
"19","Gobiidae","Lythrypnus","Lythrypnus spilus",0.012,2.744,2.5
"20","Gobiidae","Tigrigobius","Tigrigobius saucrus",0.007045,3.36,3.37166664997737
"21","Serranidae","Serranus","Serranus flaviventris",0.0085,3.42535,8
"22","Labrisomidae","Starksia","Starksia sp.",0.01153,3.205,4.14000000953674
"23","Chaenopsidae","Emblemariopsis","Emblemariopsis sp.",0.007978,2.955,4
"24","Labrisomidae","Labrisomus","Labrisomus sp.",0.0327311111111111,3.02511111111111,21.7400001525879
"25","Pomacentridae","Stegastes","Stegastes planifrons",0.0244111111111111,3.0119,13
"26","Serranidae","Hypoplectrus","Hypoplectrus nigricans",0.009,3.04,15.2399997711182
"27","Chaetodontidae","Chaetodon","Chaetodon capistratus",0.01835,3.31005,15
"28","Pomacentridae","Stegastes","Stegastes variabilis",0.0156,3.13,12.5
"29","Serranidae","Serranus","Serranus tigrinus",0.0186869230769231,2.97354835164835,16.0473684511687
"30","Serranidae","Serranus","Serranus tortugarum",0.0186869230769231,2.97354835164835,8
"31","Gobiidae","Coryphopterus","Coryphopterus eidolon",0.01142,3.0844,6
"32","Gobiidae","Elacatinus","Elacatinus saucrus",0.0117166666666667,3.071,4.43999999219721
"33","Haemulidae","Haemulon","Haemulon plumierii",0.019925,2.95555,53
"34","Serranidae","Cephalopholis","Cephalopholis cruentata",0.0110733333333333,3.121,42.5999984741211
"35","Acanthuridae","Acanthurus","Acanthurus bahianus",0.026,2.87,12.8000001907349
"36","Haemulidae","Haemulon","Haemulon flavolineatum",0.013,3.034,30
"37","Lutjanidae","Lutjanus","Lutjanus analis",0.0132666666666667,3.02133333333333,94
"38","Lutjanidae","Lutjanus","Lutjanus apodus",0.01651,3.01805,67.8047618563213
"39","Pomacentridae","Abudefduf","Abudefduf saxatilis",0.02165,3.121,22.8999996185303
"40","Scorpaenidae","Pterois","Pterois volitans",0.015064,3.263,45.7000007629395
"41","Synodontidae","Synodus","Synodus intermedius",0.00256,3.45,46
"42","Carangidae","Decapterus","Decapterus punctatus",0.01015,3.0283,43.5
"43","Haemulidae","Haemulon","Haemulon spp.",0.0180994117647059,2.9944,38.2473684612073
"44","Chaetodontidae","Chaetodon","Chaetodon ocellatus",0.0318,2.984,20
"45","Haemulidae","Haemulon","Haemulon aurolineatum",0.0178133333333333,2.96043333333333,28
"46","Labridae","Bodianus","Bodianus rufus",0.0443092857142857,2.81993571428571,40
"47","Mullidae","Mulloidichthys","Mulloidichthys martinicus",0.01,3.0726,44.7999992370605
"48","Labridae","Sparisoma","Sparisoma viride",0.013865625,3.079228125,64
"49","Serranidae","Mycteroperca","Mycteroperca bonaci",0.013904,3.04622,150
"50","Aulostomidae","Aulostomus","Aulostomus maculatus",0.00208,3.3225,100
"51","Labridae","Thalassoma","Thalassoma bifasciatum",0.0107,2.916,25
"52","Labridae","Sparisoma","Sparisoma aurofrenatum",0.013865625,3.079228125,28
"53","Sciaenidae","Odontoscion","Odontoscion dentex",0.0105,3.007,30
"54","Serranidae","Hypoplectrus","Hypoplectrus unicolor",0.009,3.04,12.6999998092651
"55","Gobiidae","Elacatinus","Elacatinus xanthiprora",0.0117166666666667,3.071,4
"56","Haemulidae","Haemulon","Haemulon steindachneri",0.01005,3.137,30
"57","Acanthuridae","Acanthurus","Acanthurus chirurgus",0.0261,2.87185,39
"58","Chaenopsidae","Lucayablennius","Lucayablennius zingaro",0.007978,2.955,7.01880000114441
"59","Ostraciidae","Acanthostracion","Acanthostracion quadricornis",0.11053,2.64366666666667,55
"60","Pomacanthidae","Holacanthus","Holacanthus ciliaris",0.0336,2.9,45
"61","Carangidae","Caranx","Caranx ruber",0.0197,2.86,92.5384615384615
"62","Chaenopsidae","Emblemariopsis","Emblemariopsis signifer",0.007978,2.955,4
"63","Clupeidae","Jenkinsia","Jenkinsia lamprotaenia",0.0029,3.6081,7.5
"64","Lutjanidae","Lutjanus","Lutjanus jocu",0.01446,3.0722,128
"65","Pomacanthidae","Pomacanthus","Pomacanthus arcuatus",0.0344,2.968,60
"66","Pomacentridae","Microspathodon","Microspathodon chrysurus",0.0257,3,21
"67","Sparidae","Calamus","Calamus bajonado",0.01234,3.05,41.127272865989
"68","Scombridae","Scomberomorus","Scomberomorus regalis",0.0113297368421053,2.92117105263158,183
"69","Lutjanidae","Ocyurus","Ocyurus chrysurus",0.02645,2.7527,86.3000030517578
"70","Serranidae","Hypoplectrus","Hypoplectrus spp.",0.009,3.04,13.9537498950958
"71","Acanthuridae","Acanthurus","Acanthurus coeruleus",0.0201238095238095,2.95905238095238,39
"72","Gobiidae","Elacatinus","Elacatinus spp.",0.0117166666666667,3.071,4.43999999219721
"73","Chaetodontidae","Chaetodon","Chaetodon striatus",0.0256,3.06,16
"74","Labridae","Sparisoma","Sparisoma chrysopterum",0.0154,3.0423,46
"75","Haemulidae","Haemulon","Haemulon macrostomum",0.0180994117647059,2.9944,38.2473684612073
"76","Sparidae","Sparidae","Sparidae spp.",0.017372183908046,3.02917415229885,54.749056582181
"77","Mullidae","Pseudupeneus","Pseudupeneus maculatus",0.004165,3.4067,30
"78","Holocentridae","Holocentrus","Holocentrus adscensionis",0.0586025,2.756025,61
"79","Pomacanthidae","Pomacanthus","Pomacanthus paru",0.06975,2.96,41.0999984741211
"80","Grammatidae","Gramma","Gramma loreto",0.01122,3.04,8
"81","Haemulidae","Anisotremus","Anisotremus virginicus",0.0247833333333333,3.0005,40.5999984741211
"82","Labridae","Halichoeres","Halichoeres pictus",0.0114404347826087,3.10914782608696,13
"83","Tetraodontidae","Sphoeroides","Sphoeroides spengleri",0.023608,2.89464,30
"84","Clupeidae","Clupeidae","Clupeidae spp.",0.00640015748031496,3.08057874015748,38.6000003814697
"85","Labridae","Sparisoma","Sparisoma rubripinne",0.0196,2.99,47.7999992370605
"86","Serranidae","Rypticus","Rypticus saponaceus",0.00681666666666667,3.228,35
"87","Gobiidae","Microgobius","Microgobius microlepis",0.00624333333333333,2.979,6.22500002384186
"88","Pomacentridae","Stegastes","Stegastes diencaeus",0.0244111111111111,3.0119,12.5
"89","Haemulidae","Haemulon","Haemulon carbonarium",0.0180994117647059,2.9944,36
"90","Gobiidae","Elacatinus","Elacatinus illecebrosus",0.0117166666666667,3.071,4
"91","Labridae","Scarus","Scarus trispinosus",0.0190767567567568,3.03231351351351,51.3033333672418
"92","Serranidae","Hypoplectrus","Hypoplectrus gemma",0.009,3.04,13.9537498950958
"93","Scombridae","Scomberomorus","Scomberomorus maculatus",0.0113297368421053,2.92117105263158,165.439999389648
"94","Monacanthidae","Cantherhines","Cantherhines pullus",0.0684,2.563,20
"95","Carangidae","Caranx","Caranx crysos",0.01745,2.9615,70
"96","Labridae","Halichoeres","Halichoeres maculipinna",0.00276,3.693,18
"97","Batrachoididae","Batrachoididae","Batrachoididae spp.",0.0104472972972973,3.13098648648649,30.7875609746793
"98","Pomacanthidae","Pomacanthus","Pomacanthus spp.",0.03622,2.95754545454545,43.3444442749023
"99","Holocentridae","Holocentrus","Holocentrus rufus",0.0256,2.6394,35
"100","Chaenopsidae","Hemiemblemaria","Hemiemblemaria simulus",0.007978,2.955,10
"101","Diodontidae","Diodon","Diodon hystrix",0.336666666666667,2.36433333333333,91
"102","Ephippidae","Chaetodipterus","Chaetodipterus faber",0.0470083333333333,2.93158333333333,91
"103","Acanthuridae","Acanthurus","Acanthurus tractus",0.0348,2.6894,32.9241379376115
"104","Labridae","Scarus","Scarus coelestinus",0.0153,3.062,77
"105","Labridae","Scarus","Scarus guacamaia",0.0155,3.0629,120
"106","Serranidae","Epinephelus","Epinephelus guttatus",0.01435,3.036,76
"107","Carangidae","Decapterus","Decapterus macarellus",0.00783,3.14,46
"108","Lutjanidae","Lutjanus","Lutjanus mahogoni",0.00763,3.15,48
"109","Pomacentridae","Stegastes","Stegastes leucostictus",0.0277,2.8711,10
"110","Labridae","Scarus","Scarus taeniopterus",0.0224966666666667,2.92666666666667,35
"111","Gerreidae","Gerres","Gerres cinereus",0.0243333333333333,2.82306666666667,41
"112","Haemulidae","Haemulon","Haemulon sciurus",0.0139,3.0742,46
"113","Serranidae","Cephalopholis","Cephalopholis fulva",0.0257,2.977,44
"114","Serranidae","Epinephelus","Epinephelus adscensionis",0.01187,3.14,65
"115","Serranidae","Hypoplectrus","Hypoplectrus chlorurus",0.009,3.04,15
"116","Priacanthidae","Priacanthus","Priacanthus arenatus",0.01724,2.94666666666667,50
"117","Opistognathidae","Opistognathus","Opistognathus aurifrons",0.01228,2.995,10
"118","Gobiidae","Coryphopterus","Coryphopterus dicrus",0.01142,3.0844,5
