"","Site","Depth_m","Group","Family","Genus","Species","TL_cm"
"1","Airport Point",1.9,"AP1","Apogonidae","Apogon","Apogon binotatus",2.73107977139539
"2","Airport Point",1.9,"AP1","Apogonidae","Phaeoptyx","Phaeoptyx xenus",2.52342984771728
"3","Airport Point",1.9,"AP1","Apogonidae","Phaeoptyx","Phaeoptyx xenus",2.58448056983948
"4","Airport Point",1.9,"AP1","Apogonidae","Phaeoptyx","Phaeoptyx xenus",3.47225982069969
"5","Airport Point",1.9,"AP1","Apogonidae","Phaeoptyx","Phaeoptyx xenus",3.54857322335243
"6","Airport Point",1.9,"AP1","Apogonidae","Phaeoptyx","Phaeoptyx xenus",3.99627851891518
"7","Airport Point",1.9,"AP1","Apogonidae","Phaeoptyx","Phaeoptyx xenus",4.08276704192162
"8","Airport Point",1.9,"AP1","Apogonidae","Phaeoptyx","Phaeoptyx xenus",4.74414986491203
"9","Airport Point",1.9,"AP1","Bythitidae","Ogilbia","Ogilbia sp.",6.60398963483175
"10","Airport Point",1.9,"AP1","Gobiidae","Coryphopterus","Coryphopterus glaucofraenum",2.34532346153259
"11","Airport Point",1.9,"AP1","Gobiidae","Coryphopterus","Coryphopterus glaucofraenum",4.16402076721191
"12","Airport Point",1.9,"AP1","Pomacentridae","Stegastes","Stegastes adustus",2.55432209682465
"13","Airport Point",1.9,"AP1","Labridae","Scarus","Scarus iseri",11.4603865180883
"14","Airport Point",1.9,"AP1","Serranidae","Hypoplectrus","Hypoplectrus puella",8.30933890800476
"15","Airport Point",1.9,"AP1","Tetraodontidae","Canthigaster","Canthigaster rostrata",4.98374044330915
"16","Airport Point",1.7,"AP1","Batrachoididae","Amphichthys","Amphichthys cryptocentrus",4.25466990121928
"17","Airport Point",1.7,"AP1","Bythitidae","Ogilbia","Ogilbia sp.",2.67899780595303
"18","Airport Point",1.7,"AP1","Bythitidae","Ogilbia","Ogilbia sp.",3.86523723097642
"19","Airport Point",1.7,"AP1","Gobiidae","Coryphopterus","Coryphopterus glaucofraenum",1.11816204719543
"20","Airport Point",1.7,"AP1","Gobiidae","Coryphopterus","Coryphopterus glaucofraenum",1.22226256637573
"21","Airport Point",1.7,"AP1","Gobiidae","Coryphopterus","Coryphopterus glaucofraenum",1.39127282104492
"22","Airport Point",1.7,"AP1","Gobiidae","Coryphopterus","Coryphopterus glaucofraenum",1.45740726852417
"23","Airport Point",1.7,"AP1","Gobiidae","Coryphopterus","Coryphopterus glaucofraenum",1.56640663566589
"24","Airport Point",1.7,"AP1","Gobiidae","Coryphopterus","Coryphopterus glaucofraenum",1.63743993110657
"25","Airport Point",1.7,"AP1","Gobiidae","Coryphopterus","Coryphopterus glaucofraenum",1.65458589897156
"26","Airport Point",1.7,"AP1","Gobiidae","Coryphopterus","Coryphopterus glaucofraenum",1.76236055412293
"27","Airport Point",1.7,"AP1","Gobiidae","Coryphopterus","Coryphopterus glaucofraenum",1.8615622253418
"28","Airport Point",1.7,"AP1","Gobiidae","Coryphopterus","Coryphopterus glaucofraenum",1.87380934524536
"29","Airport Point",1.7,"AP1","Gobiidae","Coryphopterus","Coryphopterus glaucofraenum",1.89952829704285
"30","Airport Point",1.7,"AP1","Gobiidae","Coryphopterus","Coryphopterus glaucofraenum",1.91422484092712
"31","Airport Point",1.7,"AP1","Gobiidae","Coryphopterus","Coryphopterus glaucofraenum",1.9570897605896
"32","Airport Point",1.7,"AP1","Gobiidae","Coryphopterus","Coryphopterus glaucofraenum",2.0893586555481
"33","Airport Point",1.7,"AP1","Gobiidae","Coryphopterus","Coryphopterus glaucofraenum",2.17263907089233
"34","Airport Point",1.7,"AP1","Gobiidae","Coryphopterus","Coryphopterus glaucofraenum",2.43595214881897
"35","Airport Point",1.7,"AP1","Gobiidae","Coryphopterus","Coryphopterus glaucofraenum",2.73968072242737
"36","Airport Point",1.7,"AP1","Gobiidae","Risor","Risor ruber",2.0287571820331
"37","Airport Point",1.7,"AP1","Labridae","Halichoeres","Halichoeres bivittatus",1.30310697842426
"38","Airport Point",1.7,"AP1","Labridae","Halichoeres","Halichoeres bivittatus",2.14568279264012
"39","Airport Point",1.7,"AP1","Pomacentridae","Stegastes","Stegastes adustus",2.7646780342102
"40","Airport Point",1.7,"AP1","Pomacentridae","Stegastes","Stegastes adustus",3.7450869566679
"41","Airport Point",1.7,"AP1","Pomacentridae","Stegastes","Stegastes adustus",5.86367175462246
"42","Airport Point",1.7,"AP1","Pomacentridae","Stegastes","Stegastes adustus",6.98932644337018
"43","Airport Point",5.5,"AP2","Apogonidae","Apogon","Apogon binotatus",3.1185120180352
"44","Airport Point",5.5,"AP2","Apogonidae","Apogon","Apogon binotatus",3.63805230943088
"45","Airport Point",5.5,"AP2","Apogonidae","Apogon","Apogon binotatus",4.06359264590411
"46","Airport Point",5.5,"AP2","Apogonidae","Apogon","Apogon binotatus",5.27034882396254
"47","Airport Point",5.5,"AP2","Apogonidae","Apogon","Apogon binotatus",5.27415963294588
"48","Airport Point",5.5,"AP2","Apogonidae","Apogon","Apogon binotatus",5.77337560976374
"49","Airport Point",5.5,"AP2","Apogonidae","Phaeoptyx","Phaeoptyx pigmentaria",2.4941763767004
"50","Airport Point",5.5,"AP2","Apogonidae","Phaeoptyx","Phaeoptyx pigmentaria",2.7727202963829
"51","Airport Point",5.5,"AP2","Apogonidae","Phaeoptyx","Phaeoptyx pigmentaria",3.1848126707077
"52","Airport Point",5.5,"AP2","Bythitidae","Ogilbia","Ogilbia sp.",4.94524625972907
"53","Airport Point",5.5,"AP2","Gobiidae","Coryphopterus","Coryphopterus glaucofraenum",1.49169920425415
"54","Airport Point",5.5,"AP2","Gobiidae","Coryphopterus","Coryphopterus glaucofraenum",1.63009165916443
"55","Airport Point",5.5,"AP2","Gobiidae","Coryphopterus","Coryphopterus glaucofraenum",1.96321332054138
"56","Airport Point",5.5,"AP2","Gobiidae","Coryphopterus","Coryphopterus glaucofraenum",1.97790986442566
"57","Airport Point",5.5,"AP2","Gobiidae","Coryphopterus","Coryphopterus glaucofraenum",2.11017875938416
"58","Airport Point",5.5,"AP2","Gobiidae","Coryphopterus","Coryphopterus glaucofraenum",2.80091632194519
"59","Airport Point",5.5,"AP2","Gobiidae","Coryphopterus","Coryphopterus glaucofraenum",2.88174731330872
"60","Airport Point",5.5,"AP2","Gobiidae","Coryphopterus","Coryphopterus glaucofraenum",2.94053348884583
"61","Airport Point",5.5,"AP2","Gobiidae","Coryphopterus","Coryphopterus glaucofraenum",3.32631776580811
"62","Airport Point",5.5,"AP2","Gobiidae","Coryphopterus","Coryphopterus glaucofraenum",3.59820382766724
"63","Airport Point",5.5,"AP2","Gobiidae","Coryphopterus","Coryphopterus glaucofraenum",3.61657450752258
"64","Airport Point",5.5,"AP2","Gobiidae","Coryphopterus","Coryphopterus personatus",0.856073681259155
"65","Airport Point",5.5,"AP2","Gobiidae","Coryphopterus","Coryphopterus personatus",1.02140979995728
"66","Airport Point",5.5,"AP2","Gobiidae","Coryphopterus","Coryphopterus personatus",1.18307178268433
"67","Airport Point",5.5,"AP2","Gobiidae","Coryphopterus","Coryphopterus personatus",1.26512748603821
"68","Airport Point",5.5,"AP2","Gobiidae","Coryphopterus","Coryphopterus personatus",1.62764223518372
"69","Airport Point",5.5,"AP2","Gobiidae","Coryphopterus","Coryphopterus personatus",1.84319154548645
"70","Airport Point",5.5,"AP2","Gobiidae","Coryphopterus","Coryphopterus personatus",2.00117939224243
"71","Airport Point",5.5,"AP2","Gobiidae","Coryphopterus","Coryphopterus personatus",2.01465122413635
"72","Airport Point",5.5,"AP2","Gobiidae","Coryphopterus","Coryphopterus personatus",2.05139258384705
"73","Airport Point",5.5,"AP2","Gobiidae","Coryphopterus","Coryphopterus personatus",2.05751614379883
"74","Airport Point",5.5,"AP2","Gobiidae","Coryphopterus","Coryphopterus personatus",2.15181896705627
"75","Airport Point",5.5,"AP2","Gobiidae","Coryphopterus","Coryphopterus personatus",2.17753791885376
"76","Airport Point",5.5,"AP2","Gobiidae","Coryphopterus","Coryphopterus personatus",2.18856032676697
"77","Airport Point",5.5,"AP2","Gobiidae","Coryphopterus","Coryphopterus personatus",2.19100975074768
"78","Airport Point",5.5,"AP2","Gobiidae","Coryphopterus","Coryphopterus personatus",2.26204304618835
"79","Airport Point",5.5,"AP2","Gobiidae","Coryphopterus","Coryphopterus personatus",2.29266084594727
"80","Airport Point",5.5,"AP2","Gobiidae","Coryphopterus","Coryphopterus personatus",2.37104241333008
"81","Airport Point",5.5,"AP2","Gobiidae","Coryphopterus","Coryphopterus personatus",2.40900848503113
"82","Airport Point",5.5,"AP2","Gobiidae","Coryphopterus","Coryphopterus personatus",2.43105330085754
"83","Airport Point",5.5,"AP2","Gobiidae","Coryphopterus","Coryphopterus personatus",2.44942398071289
"84","Airport Point",5.5,"AP2","Gobiidae","Coryphopterus","Coryphopterus personatus",2.45432282867432
"85","Airport Point",5.5,"AP2","Gobiidae","Coryphopterus","Coryphopterus personatus",2.50453602027893
"86","Airport Point",5.5,"AP2","Gobiidae","Coryphopterus","Coryphopterus personatus",2.50576073226929
"87","Airport Point",5.5,"AP2","Gobiidae","Coryphopterus","Coryphopterus personatus",2.55842334785461
"88","Airport Point",5.5,"AP2","Gobiidae","Coryphopterus","Coryphopterus personatus",2.74090543441772
"89","Airport Point",5.5,"AP2","Gobiidae","Coryphopterus","Coryphopterus personatus",2.77397265815735
"90","Airport Point",5.5,"AP2","Gobiidae","Coryphopterus","Coryphopterus personatus",2.91236511306763
"91","Airport Point",5.5,"AP2","Gobiidae","Coryphopterus","Coryphopterus tortugae",1.90565185699463
"92","Airport Point",5.5,"AP2","Gobiidae","Coryphopterus","Coryphopterus tortugae",3.17445347900391
"93","Airport Point",5.5,"AP2","Pomacentridae","Stegastes","Stegastes partitus",4.03683060792287
"94","Airport Point",5.5,"AP2","Pomacentridae","Stegastes","Stegastes partitus",4.32732214050293
"95","Airport Point",5.5,"AP2","Pomacentridae","Stegastes","Stegastes partitus",4.86448105204105
"96","Airport Point",5.5,"AP2","Pomacentridae","Stegastes","Stegastes xanthurus",7.26228831450144
"97","Airport Point",5.5,"AP2","Labridae","Scarus","Scarus iseri",5.63437023059888
"98","Airport Point",5.5,"AP2","Labridae","Scarus","Scarus iseri",6.10957753055204
"99","Airport Point",6.1,"AP2","Apogonidae","Apogon","Apogon binotatus",4.01532239878178
"100","Airport Point",6.1,"AP2","Apogonidae","Apogon","Apogon binotatus",4.41418707237161
"101","Airport Point",6.1,"AP2","Apogonidae","Apogon","Apogon binotatus",4.43451138694944
"102","Airport Point",6.1,"AP2","Apogonidae","Apogon","Apogon binotatus",5.00232192546746
"103","Airport Point",6.1,"AP2","Apogonidae","Apogon","Apogon binotatus",5.15094347581781
"104","Airport Point",6.1,"AP2","Apogonidae","Phaeoptyx","Phaeoptyx pigmentaria",2.37207493245602
"105","Airport Point",6.1,"AP2","Apogonidae","Phaeoptyx","Phaeoptyx pigmentaria",3.16827810013294
"106","Airport Point",6.1,"AP2","Apogonidae","Phaeoptyx","Phaeoptyx xenus",3.64396497666836
"107","Airport Point",6.1,"AP2","Blenniidae","Parablennius","Parablennius marmoreus",3.34184356667779
"108","Airport Point",6.1,"AP2","Blenniidae","Parablennius","Parablennius marmoreus",3.60966507237608
"109","Airport Point",6.1,"AP2","Gobiidae","Coryphopterus","Coryphopterus glaucofraenum",1.49904747619629
"110","Airport Point",6.1,"AP2","Gobiidae","Coryphopterus","Coryphopterus glaucofraenum",1.65703532295227
"111","Airport Point",6.1,"AP2","Gobiidae","Coryphopterus","Coryphopterus glaucofraenum",2.15426839103699
"112","Airport Point",6.1,"AP2","Gobiidae","Coryphopterus","Coryphopterus glaucofraenum",2.34654817352295
"113","Airport Point",6.1,"AP2","Gobiidae","Coryphopterus","Coryphopterus glaucofraenum",2.42615445289612
"114","Airport Point",6.1,"AP2","Gobiidae","Coryphopterus","Coryphopterus glaucofraenum",2.66619800300598
"115","Airport Point",6.1,"AP2","Gobiidae","Coryphopterus","Coryphopterus glaucofraenum",2.82908469772339
"116","Airport Point",6.1,"AP2","Gobiidae","Coryphopterus","Coryphopterus glaucofraenum",2.89154500923157
"117","Airport Point",6.1,"AP2","Gobiidae","Coryphopterus","Coryphopterus glaucofraenum",2.89889328117371
"118","Airport Point",6.1,"AP2","Gobiidae","Coryphopterus","Coryphopterus glaucofraenum",3.04708343200684
"119","Airport Point",6.1,"AP2","Gobiidae","Coryphopterus","Coryphopterus glaucofraenum",3.34591315765381
"120","Airport Point",6.1,"AP2","Gobiidae","Coryphopterus","Coryphopterus glaucofraenum",3.44756425285339
"121","Airport Point",6.1,"AP2","Gobiidae","Coryphopterus","Coryphopterus glaucofraenum",3.49777744445801
"122","Airport Point",6.1,"AP2","Gobiidae","Coryphopterus","Coryphopterus glaucofraenum",3.49900215644836
"123","Airport Point",6.1,"AP2","Gobiidae","Coryphopterus","Coryphopterus glaucofraenum",3.5626871799469
"124","Airport Point",6.1,"AP2","Gobiidae","Coryphopterus","Coryphopterus glaucofraenum",3.57003545188904
"125","Airport Point",6.1,"AP2","Gobiidae","Coryphopterus","Coryphopterus glaucofraenum",3.65209115524292
"126","Airport Point",6.1,"AP2","Gobiidae","Coryphopterus","Coryphopterus glaucofraenum",3.66311356315613
"127","Airport Point",6.1,"AP2","Gobiidae","Coryphopterus","Coryphopterus glaucofraenum",3.84437093772888
"128","Airport Point",6.1,"AP2","Gobiidae","Coryphopterus","Coryphopterus glaucofraenum",3.95826915283203
"129","Airport Point",6.1,"AP2","Gobiidae","Coryphopterus","Coryphopterus glaucofraenum",4.009707056427
"130","Airport Point",6.1,"AP2","Gobiidae","Coryphopterus","Coryphopterus glaucofraenum",4.04154956817627
"131","Airport Point",6.1,"AP2","Gobiidae","Coryphopterus","Coryphopterus glaucofraenum",4.05257197608948
"132","Airport Point",6.1,"AP2","Gobiidae","Coryphopterus","Coryphopterus glaucofraenum",4.06849323196411
"133","Airport Point",6.1,"AP2","Gobiidae","Coryphopterus","Coryphopterus glaucofraenum",4.25832359046936
"134","Airport Point",6.1,"AP2","Gobiidae","Coryphopterus","Coryphopterus personatus",1.20879073448181
"135","Airport Point",6.1,"AP2","Gobiidae","Coryphopterus","Coryphopterus personatus",1.42189062080383
"136","Airport Point",6.1,"AP2","Gobiidae","Coryphopterus","Coryphopterus personatus",1.46842967643738
"137","Airport Point",6.1,"AP2","Gobiidae","Coryphopterus","Coryphopterus personatus",1.47822737236023
"138","Airport Point",6.1,"AP2","Gobiidae","Coryphopterus","Coryphopterus personatus",1.53088998794556
"139","Airport Point",6.1,"AP2","Gobiidae","Coryphopterus","Coryphopterus personatus",1.54313710784912
"140","Airport Point",6.1,"AP2","Gobiidae","Coryphopterus","Coryphopterus personatus",1.63866464309692
"141","Airport Point",6.1,"AP2","Gobiidae","Coryphopterus","Coryphopterus personatus",1.75378757019043
"142","Airport Point",6.1,"AP2","Gobiidae","Coryphopterus","Coryphopterus personatus",1.76236055412293
"143","Airport Point",6.1,"AP2","Gobiidae","Coryphopterus","Coryphopterus personatus",1.76480997810364
"144","Airport Point",6.1,"AP2","Gobiidae","Coryphopterus","Coryphopterus personatus",1.80400076179504
"145","Airport Point",6.1,"AP2","Gobiidae","Coryphopterus","Coryphopterus personatus",1.83829269752502
"146","Airport Point",6.1,"AP2","Gobiidae","Coryphopterus","Coryphopterus personatus",1.85543866539002
"147","Airport Point",6.1,"AP2","Gobiidae","Coryphopterus","Coryphopterus personatus",1.85666337738037
"148","Airport Point",6.1,"AP2","Gobiidae","Coryphopterus","Coryphopterus personatus",1.87870819320679
"149","Airport Point",6.1,"AP2","Gobiidae","Coryphopterus","Coryphopterus personatus",1.88360704116821
"150","Airport Point",6.1,"AP2","Gobiidae","Coryphopterus","Coryphopterus personatus",1.89830358505249
"151","Airport Point",6.1,"AP2","Gobiidae","Coryphopterus","Coryphopterus personatus",1.91055070495605
"152","Airport Point",6.1,"AP2","Gobiidae","Coryphopterus","Coryphopterus personatus",1.91789897689819
"153","Airport Point",6.1,"AP2","Gobiidae","Coryphopterus","Coryphopterus personatus",1.93259552078247
"154","Airport Point",6.1,"AP2","Gobiidae","Coryphopterus","Coryphopterus personatus",1.95586504859924
"155","Airport Point",6.1,"AP2","Gobiidae","Coryphopterus","Coryphopterus personatus",1.97056159248352
"156","Airport Point",6.1,"AP2","Gobiidae","Coryphopterus","Coryphopterus personatus",1.99628054428101
"157","Airport Point",6.1,"AP2","Gobiidae","Coryphopterus","Coryphopterus personatus",2.02689834403992
"158","Airport Point",6.1,"AP2","Gobiidae","Coryphopterus","Coryphopterus personatus",2.04894315986633
"159","Airport Point",6.1,"AP2","Gobiidae","Coryphopterus","Coryphopterus personatus",2.05139258384705
"160","Airport Point",6.1,"AP2","Gobiidae","Coryphopterus","Coryphopterus personatus",2.06486441574097
"161","Airport Point",6.1,"AP2","Gobiidae","Coryphopterus","Coryphopterus personatus",2.07588682365417
"162","Airport Point",6.1,"AP2","Gobiidae","Coryphopterus","Coryphopterus personatus",2.08690923156738
"163","Airport Point",6.1,"AP2","Gobiidae","Coryphopterus","Coryphopterus personatus",2.10283048744202
"164","Airport Point",6.1,"AP2","Gobiidae","Coryphopterus","Coryphopterus personatus",2.13222357521057
"165","Airport Point",6.1,"AP2","Gobiidae","Coryphopterus","Coryphopterus personatus",2.15549310302734
"166","Airport Point",6.1,"AP2","Gobiidae","Coryphopterus","Coryphopterus personatus",2.16039195098877
"167","Airport Point",6.1,"AP2","Gobiidae","Coryphopterus","Coryphopterus personatus",2.16161666297913
"168","Airport Point",6.1,"AP2","Gobiidae","Coryphopterus","Coryphopterus personatus",2.16284137496948
"169","Airport Point",6.1,"AP2","Gobiidae","Coryphopterus","Coryphopterus personatus",2.1652907989502
"170","Airport Point",6.1,"AP2","Gobiidae","Coryphopterus","Coryphopterus personatus",2.17876263084412
"171","Airport Point",6.1,"AP2","Gobiidae","Coryphopterus","Coryphopterus personatus",2.18366147880554
"172","Airport Point",6.1,"AP2","Gobiidae","Coryphopterus","Coryphopterus personatus",2.18611090278626
"173","Airport Point",6.1,"AP2","Gobiidae","Coryphopterus","Coryphopterus personatus",2.19223446273804
"174","Airport Point",6.1,"AP2","Gobiidae","Coryphopterus","Coryphopterus personatus",2.19958273468018
"175","Airport Point",6.1,"AP2","Gobiidae","Coryphopterus","Coryphopterus personatus",2.23509938240051
"176","Airport Point",6.1,"AP2","Gobiidae","Coryphopterus","Coryphopterus personatus",2.23754880638123
"177","Airport Point",6.1,"AP2","Gobiidae","Coryphopterus","Coryphopterus personatus",2.23877351837158
"178","Airport Point",6.1,"AP2","Gobiidae","Coryphopterus","Coryphopterus personatus",2.260818334198
"179","Airport Point",6.1,"AP2","Gobiidae","Coryphopterus","Coryphopterus personatus",2.27429016609192
"180","Airport Point",6.1,"AP2","Gobiidae","Coryphopterus","Coryphopterus personatus",2.27796430206299
"181","Airport Point",6.1,"AP2","Gobiidae","Coryphopterus","Coryphopterus personatus",2.28408786201477
"182","Airport Point",6.1,"AP2","Gobiidae","Coryphopterus","Coryphopterus personatus",2.29266084594727
"183","Airport Point",6.1,"AP2","Gobiidae","Coryphopterus","Coryphopterus personatus",2.29388555793762
"184","Airport Point",6.1,"AP2","Gobiidae","Coryphopterus","Coryphopterus personatus",2.29633498191833
"185","Airport Point",6.1,"AP2","Gobiidae","Coryphopterus","Coryphopterus personatus",2.31348094978333
"186","Airport Point",6.1,"AP2","Gobiidae","Coryphopterus","Coryphopterus personatus",2.31593037376404
"187","Airport Point",6.1,"AP2","Gobiidae","Coryphopterus","Coryphopterus personatus",2.31837979774475
"188","Airport Point",6.1,"AP2","Gobiidae","Coryphopterus","Coryphopterus personatus",2.32572806968689
"189","Airport Point",6.1,"AP2","Gobiidae","Coryphopterus","Coryphopterus personatus",2.33062691764832
"190","Airport Point",6.1,"AP2","Gobiidae","Coryphopterus","Coryphopterus personatus",2.34164932556152
"191","Airport Point",6.1,"AP2","Gobiidae","Coryphopterus","Coryphopterus personatus",2.34287403755188
"192","Airport Point",6.1,"AP2","Gobiidae","Coryphopterus","Coryphopterus personatus",2.35389644546509
"193","Airport Point",6.1,"AP2","Gobiidae","Coryphopterus","Coryphopterus personatus",2.35757058143616
"194","Airport Point",6.1,"AP2","Gobiidae","Coryphopterus","Coryphopterus personatus",2.36002000541687
"195","Airport Point",6.1,"AP2","Gobiidae","Coryphopterus","Coryphopterus personatus",2.37226712532043
"196","Airport Point",6.1,"AP2","Gobiidae","Coryphopterus","Coryphopterus personatus",2.37349183731079
"197","Airport Point",6.1,"AP2","Gobiidae","Coryphopterus","Coryphopterus personatus",2.37716597328186
"198","Airport Point",6.1,"AP2","Gobiidae","Coryphopterus","Coryphopterus personatus",2.38084010925293
"199","Airport Point",6.1,"AP2","Gobiidae","Coryphopterus","Coryphopterus personatus",2.38206482124329
"200","Airport Point",6.1,"AP2","Gobiidae","Coryphopterus","Coryphopterus personatus",2.38328953323364
"201","Airport Point",6.1,"AP2","Gobiidae","Coryphopterus","Coryphopterus personatus",2.39921078910828
"202","Airport Point",6.1,"AP2","Gobiidae","Coryphopterus","Coryphopterus personatus",2.40778377304077
"203","Airport Point",6.1,"AP2","Gobiidae","Coryphopterus","Coryphopterus personatus",2.40900848503113
"204","Airport Point",6.1,"AP2","Gobiidae","Coryphopterus","Coryphopterus personatus",2.41145790901184
"205","Airport Point",6.1,"AP2","Gobiidae","Coryphopterus","Coryphopterus personatus",2.41635675697327
"206","Airport Point",6.1,"AP2","Gobiidae","Coryphopterus","Coryphopterus personatus",2.42370502891541
"207","Airport Point",6.1,"AP2","Gobiidae","Coryphopterus","Coryphopterus personatus",2.43595214881897
"208","Airport Point",6.1,"AP2","Gobiidae","Coryphopterus","Coryphopterus personatus",2.43717686080933
"209","Airport Point",6.1,"AP2","Gobiidae","Coryphopterus","Coryphopterus personatus",2.4408509967804
"210","Airport Point",6.1,"AP2","Gobiidae","Coryphopterus","Coryphopterus personatus",2.44330042076111
"211","Airport Point",6.1,"AP2","Gobiidae","Coryphopterus","Coryphopterus personatus",2.4518734046936
"212","Airport Point",6.1,"AP2","Gobiidae","Coryphopterus","Coryphopterus personatus",2.47391822052002
"213","Airport Point",6.1,"AP2","Gobiidae","Coryphopterus","Coryphopterus personatus",2.50331130828857
"214","Airport Point",6.1,"AP2","Gobiidae","Coryphopterus","Coryphopterus personatus",2.50943486824036
"215","Airport Point",6.1,"AP2","Gobiidae","Coryphopterus","Coryphopterus personatus",2.53392910804749
"216","Airport Point",6.1,"AP2","Gobiidae","Coryphopterus","Coryphopterus personatus",2.53760324401855
"217","Airport Point",6.1,"AP2","Gobiidae","Coryphopterus","Coryphopterus personatus",2.55107507591248
"218","Airport Point",6.1,"AP2","Gobiidae","Coryphopterus","Coryphopterus personatus",2.57067046775818
"219","Airport Point",6.1,"AP2","Gobiidae","Coryphopterus","Coryphopterus personatus",2.58291758766174
"220","Airport Point",6.1,"AP2","Gobiidae","Coryphopterus","Coryphopterus personatus",2.59638941955566
"221","Airport Point",6.1,"AP2","Gobiidae","Coryphopterus","Coryphopterus personatus",2.62700721931458
"222","Airport Point",6.1,"AP2","Gobiidae","Coryphopterus","Coryphopterus personatus",2.64537789916992
"223","Airport Point",6.1,"AP2","Gobiidae","Coryphopterus","Coryphopterus personatus",2.67109685096741
"224","Airport Point",6.1,"AP2","Gobiidae","Coryphopterus","Coryphopterus personatus",2.67477098693848
"225","Airport Point",6.1,"AP2","Gobiidae","Coryphopterus","Coryphopterus personatus",2.67844512290955
"226","Airport Point",6.1,"AP2","Gobiidae","Coryphopterus","Coryphopterus personatus",2.68456868286133
"227","Airport Point",6.1,"AP2","Gobiidae","Coryphopterus","Coryphopterus personatus",2.69314166679382
"228","Airport Point",6.1,"AP2","Gobiidae","Coryphopterus","Coryphopterus personatus",2.71518648262024
"229","Airport Point",6.1,"AP2","Gobiidae","Coryphopterus","Coryphopterus personatus",2.85847778549194
"230","Airport Point",6.1,"AP2","Gobiidae","Coryphopterus","Coryphopterus personatus",2.86092720947266
"231","Airport Point",6.1,"AP2","Gobiidae","Coryphopterus","Coryphopterus personatus",2.89399443321228
"232","Airport Point",6.1,"AP2","Gobiidae","Coryphopterus","Coryphopterus personatus",2.98094898452759
"233","Airport Point",6.1,"AP2","Gobiidae","Coryphopterus","Coryphopterus tortugae",3.64596759529114
"234","Airport Point",6.1,"AP2","Gobiidae","Coryphopterus","Coryphopterus tortugae",3.80273073005676
"235","Airport Point",6.1,"AP2","Gobiidae","Gnatholepis","Gnatholepis thompsoni",4.52602491760254
"236","Airport Point",6.1,"AP2","Gobiidae","Lythrypnus","Lythrypnus spilus",1.85317362577751
"237","Airport Point",6.1,"AP2","Gobiidae","Risor","Risor ruber",1.38246026219871
"238","Airport Point",6.1,"AP2","Gobiidae","Tigrigobius","Tigrigobius saucrus",2.42973523248911
"239","Airport Point",6.1,"AP2","Pomacentridae","Stegastes","Stegastes partitus",3.99551069165071
"240","Airport Point",6.1,"AP2","Pomacentridae","Stegastes","Stegastes xanthurus",2.03844920276006
"241","Airport Point",6.1,"AP2","Labridae","Scarus","Scarus iseri",2.02934933440252
"242","Airport Point",6.1,"AP2","Labridae","Scarus","Scarus iseri",6.1839468427463
"243","Airport Point",6.1,"AP2","Labridae","Scarus","Scarus iseri",6.74108643579483
"244","Airport Point",6.1,"AP2","Serranidae","Serranus","Serranus flaviventris",2.56007136937846
"245","Airport Point",6.1,"AP2","Serranidae","Serranus","Serranus flaviventris",4.15503157735908
"246","Cayo Adriana",4.1,"CA1","Apogonidae","Apogon","Apogon binotatus",4.14107909523208
"247","Cayo Adriana",4.1,"CA1","Apogonidae","Apogon","Apogon binotatus",4.78891662240028
"248","Cayo Adriana",4.1,"CA1","Bythitidae","Ogilbia","Ogilbia sp.",3.48789801088969
"249","Cayo Adriana",4.1,"CA1","Gobiidae","Coryphopterus","Coryphopterus personatus",1.0459040397644
"250","Cayo Adriana",4.1,"CA1","Gobiidae","Coryphopterus","Coryphopterus personatus",1.75133814620972
"251","Cayo Adriana",4.1,"CA1","Gobiidae","Coryphopterus","Coryphopterus personatus",1.98648284835815
"252","Cayo Adriana",4.1,"CA1","Gobiidae","Coryphopterus","Coryphopterus personatus",2.10405519943237
"253","Cayo Adriana",4.1,"CA1","Gobiidae","Coryphopterus","Coryphopterus personatus",2.66497329101563
"254","Cayo Adriana",4.1,"CA1","Gobiidae","Coryphopterus","Coryphopterus personatus",2.78744449005127
"255","Cayo Adriana",4.1,"CA1","Labrisomidae","Starksia","Starksia sp.",3.19885261496901
"256","Cayo Adriana",4.1,"CA1","Pomacentridae","Stegastes","Stegastes partitus",5.39412725152969
"257","Cayo Adriana",4.1,"CA1","Pomacentridae","Stegastes","Stegastes partitus",6.68881796139081
"258","Cayo Adriana",5.9,"CA1","Apogonidae","Apogon","Apogon binotatus",3.48561995009718
"259","Cayo Adriana",5.9,"CA1","Apogonidae","Phaeoptyx","Phaeoptyx xenus",2.45220400524139
"260","Cayo Adriana",5.9,"CA1","Bythitidae","Ogilbia","Ogilbia sp.",3.76232653458913
"261","Cayo Adriana",5.9,"CA1","Gobiidae","Coryphopterus","Coryphopterus personatus",1.39617166900635
"262","Cayo Adriana",5.9,"CA1","Gobiidae","Coryphopterus","Coryphopterus personatus",1.47700266036987
"263","Cayo Adriana",5.9,"CA1","Gobiidae","Coryphopterus","Coryphopterus personatus",1.64111406707764
"264","Cayo Adriana",5.9,"CA1","Gobiidae","Coryphopterus","Coryphopterus personatus",1.76848411407471
"265","Cayo Adriana",5.9,"CA1","Gobiidae","Coryphopterus","Coryphopterus personatus",1.87380934524536
"266","Cayo Adriana",5.9,"CA1","Gobiidae","Coryphopterus","Coryphopterus personatus",1.97178630447388
"267","Cayo Adriana",5.9,"CA1","Gobiidae","Coryphopterus","Coryphopterus personatus",2.04526902389526
"268","Cayo Adriana",5.9,"CA1","Gobiidae","Coryphopterus","Coryphopterus personatus",2.12365059127808
"269","Cayo Adriana",5.9,"CA1","Gobiidae","Coryphopterus","Coryphopterus personatus",2.24612179031372
"270","Cayo Adriana",5.9,"CA1","Gobiidae","Coryphopterus","Coryphopterus personatus",2.43717686080933
"271","Cayo Adriana",5.9,"CA1","Gobiidae","Coryphopterus","Coryphopterus personatus",2.54495151596069
"272","Cayo Adriana",5.9,"CA1","Gobiidae","Coryphopterus","Coryphopterus personatus",2.55474921188355
"273","Cayo Adriana",5.9,"CA1","Gobiidae","Coryphopterus","Coryphopterus personatus",2.58904114761353
"274","Cayo Adriana",5.9,"CA1","Gobiidae","Coryphopterus","Coryphopterus tortugae",1.72439448242188
"275","Cayo Adriana",5.9,"CA1","Gobiidae","Coryphopterus","Coryphopterus tortugae",1.84931510543823
"276","Cayo Adriana",5.9,"CA1","Gobiidae","Coryphopterus","Coryphopterus tortugae",2.1089540473938
"277","Cayo Adriana",5.9,"CA1","Gobiidae","Coryphopterus","Coryphopterus tortugae",2.74335485839844
"278","Cayo Adriana",5.9,"CA1","Gobiidae","Coryphopterus","Coryphopterus tortugae",3.02258919219971
"279","Cayo Adriana",5.9,"CA1","Gobiidae","Coryphopterus","Coryphopterus tortugae",3.27487986221313
"280","Casa Blanca",2.5,"CB1","Chaenopsidae","Emblemariopsis","Emblemariopsis sp.",1.67206196784973
"281","Casa Blanca",2.5,"CB1","Gobiidae","Risor","Risor ruber",1.6763447960733
"282","Casa Blanca",2.5,"CB1","Labrisomidae","Labrisomus","Labrisomus sp.",4.17286043232679
"283","Casa Blanca",2.5,"CB1","Pomacentridae","Stegastes","Stegastes planifrons",1.82058055332502
"284","Casa Blanca",2.5,"CB1","Pomacentridae","Stegastes","Stegastes planifrons",3.52721830723286
"285","Casa Blanca",2.5,"CB1","Pomacentridae","Stegastes","Stegastes planifrons",9.09038157987595
"286","Casa Blanca",2.5,"CB1","Pomacentridae","Stegastes","Stegastes planifrons",9.14171844554742
"287","Casa Blanca",2.5,"CB1","Serranidae","Hypoplectrus","Hypoplectrus nigricans",9.17005277216435
"288","Casa Blanca",4.3,"CB1","Apogonidae","Apogon","Apogon binotatus",2.43383667069468
"289","Casa Blanca",4.3,"CB1","Apogonidae","Apogon","Apogon binotatus",2.68153925461194
"290","Casa Blanca",4.3,"CB1","Apogonidae","Apogon","Apogon binotatus",3.9721332303039
"291","Casa Blanca",4.3,"CB1","Apogonidae","Phaeoptyx","Phaeoptyx xenus",1.83915300393105
"292","Casa Blanca",4.3,"CB1","Apogonidae","Phaeoptyx","Phaeoptyx xenus",3.33998325610161
"293","Casa Blanca",4.3,"CB1","Apogonidae","Phaeoptyx","Phaeoptyx xenus",4.01281308948994
"294","Casa Blanca",4.3,"CB1","Blenniidae","Parablennius","Parablennius marmoreus",1.71595371792533
"295","Casa Blanca",4.3,"CB1","Gobiidae","Coryphopterus","Coryphopterus glaucofraenum",1.03243220787048
"296","Casa Blanca",4.3,"CB1","Gobiidae","Coryphopterus","Coryphopterus glaucofraenum",1.48557564430237
"297","Casa Blanca",4.3,"CB1","Gobiidae","Coryphopterus","Coryphopterus glaucofraenum",1.6729565788269
"298","Casa Blanca",4.3,"CB1","Gobiidae","Coryphopterus","Coryphopterus glaucofraenum",1.77583238601685
"299","Casa Blanca",4.3,"CB1","Gobiidae","Coryphopterus","Coryphopterus glaucofraenum",1.91544955291748
"300","Casa Blanca",4.3,"CB1","Gobiidae","Coryphopterus","Coryphopterus glaucofraenum",1.96688745651245
"301","Casa Blanca",4.3,"CB1","Gobiidae","Coryphopterus","Coryphopterus glaucofraenum",2.8315341217041
"302","Casa Blanca",4.3,"CB1","Gobiidae","Coryphopterus","Coryphopterus glaucofraenum",3.15363337516785
"303","Casa Blanca",4.3,"CB1","Gobiidae","Coryphopterus","Coryphopterus glaucofraenum",3.20507127876282
"304","Casa Blanca",4.3,"CB1","Gobiidae","Coryphopterus","Coryphopterus personatus",1.20021775054932
"305","Casa Blanca",4.3,"CB1","Gobiidae","Coryphopterus","Coryphopterus personatus",1.254105078125
"306","Casa Blanca",4.3,"CB1","Gobiidae","Coryphopterus","Coryphopterus personatus",1.27859931793213
"307","Casa Blanca",4.3,"CB1","Gobiidae","Coryphopterus","Coryphopterus personatus",1.30309355773926
"308","Casa Blanca",4.3,"CB1","Gobiidae","Coryphopterus","Coryphopterus personatus",1.33493606948853
"309","Casa Blanca",4.3,"CB1","Gobiidae","Coryphopterus","Coryphopterus personatus",1.41454234886169
"310","Casa Blanca",4.3,"CB1","Gobiidae","Coryphopterus","Coryphopterus personatus",1.45618255653381
"311","Casa Blanca",4.3,"CB1","Gobiidae","Coryphopterus","Coryphopterus personatus",1.45863198051453
"312","Casa Blanca",4.3,"CB1","Gobiidae","Coryphopterus","Coryphopterus personatus",1.51374402008057
"313","Casa Blanca",4.3,"CB1","Gobiidae","Coryphopterus","Coryphopterus personatus",1.52721585197449
"314","Casa Blanca",4.3,"CB1","Gobiidae","Coryphopterus","Coryphopterus personatus",1.53946297187805
"315","Casa Blanca",4.3,"CB1","Gobiidae","Coryphopterus","Coryphopterus personatus",1.54068768386841
"316","Casa Blanca",4.3,"CB1","Gobiidae","Coryphopterus","Coryphopterus personatus",1.55538422775269
"317","Casa Blanca",4.3,"CB1","Gobiidae","Coryphopterus","Coryphopterus personatus",1.59090087547302
"318","Casa Blanca",4.3,"CB1","Gobiidae","Coryphopterus","Coryphopterus personatus",1.59335029945374
"319","Casa Blanca",4.3,"CB1","Gobiidae","Coryphopterus","Coryphopterus personatus",1.62641752319336
"320","Casa Blanca",4.3,"CB1","Gobiidae","Coryphopterus","Coryphopterus personatus",1.64723762702942
"321","Casa Blanca",4.3,"CB1","Gobiidae","Coryphopterus","Coryphopterus personatus",1.66683301887512
"322","Casa Blanca",4.3,"CB1","Gobiidae","Coryphopterus","Coryphopterus personatus",1.67050715484619
"323","Casa Blanca",4.3,"CB1","Gobiidae","Coryphopterus","Coryphopterus personatus",1.68520369873047
"324","Casa Blanca",4.3,"CB1","Gobiidae","Coryphopterus","Coryphopterus personatus",1.72316977043152
"325","Casa Blanca",4.3,"CB1","Gobiidae","Coryphopterus","Coryphopterus personatus",1.72439448242188
"326","Casa Blanca",4.3,"CB1","Gobiidae","Coryphopterus","Coryphopterus personatus",1.7292933303833
"327","Casa Blanca",4.3,"CB1","Gobiidae","Coryphopterus","Coryphopterus personatus",1.73296746635437
"328","Casa Blanca",4.3,"CB1","Gobiidae","Coryphopterus","Coryphopterus personatus",1.74031573829651
"329","Casa Blanca",4.3,"CB1","Gobiidae","Coryphopterus","Coryphopterus personatus",1.76603469009399
"330","Casa Blanca",4.3,"CB1","Gobiidae","Coryphopterus","Coryphopterus personatus",1.78318065795898
"331","Casa Blanca",4.3,"CB1","Gobiidae","Coryphopterus","Coryphopterus personatus",1.78930421791077
"332","Casa Blanca",4.3,"CB1","Gobiidae","Coryphopterus","Coryphopterus personatus",1.79297835388184
"333","Casa Blanca",4.3,"CB1","Gobiidae","Coryphopterus","Coryphopterus personatus",1.8052254737854
"334","Casa Blanca",4.3,"CB1","Gobiidae","Coryphopterus","Coryphopterus personatus",1.80767489776611
"335","Casa Blanca",4.3,"CB1","Gobiidae","Coryphopterus","Coryphopterus personatus",1.84441625747681
"336","Casa Blanca",4.3,"CB1","Gobiidae","Coryphopterus","Coryphopterus personatus",1.88605646514893
"337","Casa Blanca",4.3,"CB1","Gobiidae","Coryphopterus","Coryphopterus personatus",1.89218002510071
"338","Casa Blanca",4.3,"CB1","Gobiidae","Coryphopterus","Coryphopterus personatus",1.91177541694641
"339","Casa Blanca",4.3,"CB1","Gobiidae","Coryphopterus","Coryphopterus personatus",1.92769667282105
"340","Casa Blanca",4.3,"CB1","Gobiidae","Coryphopterus","Coryphopterus personatus",1.9374943687439
"341","Casa Blanca",4.3,"CB1","Gobiidae","Coryphopterus","Coryphopterus personatus",1.93871908073425
"342","Casa Blanca",4.3,"CB1","Gobiidae","Coryphopterus","Coryphopterus personatus",1.93994379272461
"343","Casa Blanca",4.3,"CB1","Gobiidae","Coryphopterus","Coryphopterus personatus",1.95341562461853
"344","Casa Blanca",4.3,"CB1","Gobiidae","Coryphopterus","Coryphopterus personatus",1.98893227233887
"345","Casa Blanca",4.3,"CB1","Gobiidae","Coryphopterus","Coryphopterus personatus",1.99015698432922
"346","Casa Blanca",4.3,"CB1","Gobiidae","Coryphopterus","Coryphopterus personatus",1.99138169631958
"347","Casa Blanca",4.3,"CB1","Gobiidae","Coryphopterus","Coryphopterus personatus",1.99628054428101
"348","Casa Blanca",4.3,"CB1","Gobiidae","Coryphopterus","Coryphopterus personatus",2.01955007209778
"349","Casa Blanca",4.3,"CB1","Gobiidae","Coryphopterus","Coryphopterus personatus",2.02077478408813
"350","Casa Blanca",4.3,"CB1","Gobiidae","Coryphopterus","Coryphopterus personatus",2.03057248001099
"351","Casa Blanca",4.3,"CB1","Gobiidae","Coryphopterus","Coryphopterus personatus",2.04404431190491
"352","Casa Blanca",4.3,"CB1","Gobiidae","Coryphopterus","Coryphopterus personatus",2.04894315986633
"353","Casa Blanca",4.3,"CB1","Gobiidae","Coryphopterus","Coryphopterus personatus",2.05629143180847
"354","Casa Blanca",4.3,"CB1","Gobiidae","Coryphopterus","Coryphopterus personatus",2.06608912773132
"355","Casa Blanca",4.3,"CB1","Gobiidae","Coryphopterus","Coryphopterus personatus",2.07098797569275
"356","Casa Blanca",4.3,"CB1","Gobiidae","Coryphopterus","Coryphopterus personatus",2.07588682365417
"357","Casa Blanca",4.3,"CB1","Gobiidae","Coryphopterus","Coryphopterus personatus",2.09058336753845
"358","Casa Blanca",4.3,"CB1","Gobiidae","Coryphopterus","Coryphopterus personatus",2.14324598312378
"359","Casa Blanca",4.3,"CB1","Gobiidae","Coryphopterus","Coryphopterus personatus",2.14447069511414
"360","Casa Blanca",4.3,"CB1","Gobiidae","Coryphopterus","Coryphopterus personatus",2.14569540710449
"361","Casa Blanca",4.3,"CB1","Gobiidae","Coryphopterus","Coryphopterus personatus",2.15426839103699
"362","Casa Blanca",4.3,"CB1","Gobiidae","Coryphopterus","Coryphopterus personatus",2.23999823036194
"363","Casa Blanca",4.3,"CB1","Gobiidae","Coryphopterus","Coryphopterus personatus",2.33185162963867
"364","Casa Blanca",4.3,"CB1","Gobiidae","Coryphopterus","Coryphopterus personatus",2.36859298934937
"365","Casa Blanca",4.3,"CB1","Gobiidae","Coryphopterus","Coryphopterus personatus",2.38696366920471
"366","Casa Blanca",4.3,"CB1","Gobiidae","Coryphopterus","Coryphopterus personatus",2.42370502891541
"367","Casa Blanca",4.3,"CB1","Gobiidae","Coryphopterus","Coryphopterus personatus",2.47024408454895
"368","Casa Blanca",4.3,"CB1","Gobiidae","Coryphopterus","Coryphopterus personatus",2.50698544425964
"369","Casa Blanca",4.3,"CB1","Gobiidae","Coryphopterus","Coryphopterus personatus",2.52045727615356
"370","Casa Blanca",4.3,"CB1","Gobiidae","Coryphopterus","Coryphopterus personatus",2.56822104377747
"371","Casa Blanca",4.3,"CB1","Gobiidae","Coryphopterus","Coryphopterus personatus",2.58659172363281
"372","Casa Blanca",4.3,"CB1","Gobiidae","Coryphopterus","Coryphopterus personatus",2.58781643562317
"373","Casa Blanca",4.3,"CB1","Gobiidae","Coryphopterus","Coryphopterus personatus",2.60741182746887
"374","Casa Blanca",4.3,"CB1","Gobiidae","Coryphopterus","Coryphopterus personatus",2.67722041091919
"375","Casa Blanca",4.3,"CB1","Gobiidae","Coryphopterus","Coryphopterus personatus",2.68579339485169
"376","Casa Blanca",4.3,"CB1","Gobiidae","Coryphopterus","Coryphopterus personatus",2.71151234664917
"377","Casa Blanca",4.3,"CB1","Gobiidae","Coryphopterus","Coryphopterus personatus",2.755601978302
"378","Casa Blanca",4.3,"CB1","Gobiidae","Coryphopterus","Coryphopterus personatus",2.79111862602234
"379","Casa Blanca",4.3,"CB1","Gobiidae","Coryphopterus","Coryphopterus personatus",2.82418584976196
"380","Casa Blanca",4.3,"CB1","Gobiidae","Coryphopterus","Coryphopterus tortugae",1.49659805221558
"381","Casa Blanca",4.3,"CB1","Gobiidae","Coryphopterus","Coryphopterus tortugae",2.03057248001099
"382","Casa Blanca",4.3,"CB1","Gobiidae","Gnatholepis","Gnatholepis thompsoni",4.79277254843712
"383","Casa Blanca",4.3,"CB1","Gobiidae","Risor","Risor ruber",1.58294928742672
"384","Casa Blanca",4.3,"CB1","Gobiidae","Risor","Risor ruber",1.96524823615342
"385","Casa Blanca",4.3,"CB1","Gobiidae","Risor","Risor ruber",2.44592378732119
"386","Casa Blanca",4.3,"CB1","Gobiidae","Tigrigobius","Tigrigobius saucrus",1.4995159663691
"387","Casa Blanca",4.3,"CB1","Pomacentridae","Stegastes","Stegastes planifrons",8.69095572257837
"388","Casa Blanca",4.3,"CB1","Pomacentridae","Stegastes","Stegastes planifrons",9.65759133961201
