ocean,region,site_name,sample,age_group,otolith,length_um,width_um,family
Caribbean,Bocas del Toro,Punta Caracol,AT13-10-3-2,modern_bulk,1,2044.715,1032.52,Bythitidae
Caribbean,Bocas del Toro,Punta Caracol,AT13-10-3-2,modern_bulk,2,1862.663,955.112,Bythitidae
Caribbean,Bocas del Toro,Casa Blanca new,AT14-1-2,modern_bulk,3,1589.001,729.697,Bythitidae
Caribbean,Bocas del Toro,Casa Blanca new,AT14-1-2,modern_bulk,4,2284.567,1073.294,Bythitidae
Caribbean,Bocas del Toro,Cayo Adriana,AT14-3-3,modern_bulk,1,2211.921,1092.835,Bythitidae
Caribbean,Bocas del Toro,Cayo Adriana,AT14-3-5,modern_bulk,2,2508.636,1206.559,Bythitidae
Caribbean,Bocas del Toro,Cayo Adriana,AT14-3-5,modern_bulk,3,1876.843,963.028,Bythitidae
Caribbean,Bocas del Toro,Cayo Adriana,AT14-3-5,modern_bulk,4,2077.438,1039.903,Bythitidae
Caribbean,Bocas del Toro,Punta Donato,AT14-2-1,modern_bulk,1,3447.232,1567.733,Bythitidae
Caribbean,Bocas del Toro,Punta Donato,AT14-2-1,modern_bulk,2,1871.451,989.896,Bythitidae
Caribbean,Bocas del Toro,Cayo Adriana,AT14-3-1,modern_bulk,3,2112.509,1124.944,Bythitidae
Caribbean,Bocas del Toro,Cayo Adriana,AT14-3-1,modern_bulk,4,2535.147,1158.224,Bythitidae
Caribbean,Bocas del Toro,Sweet Bocas Trench 8,AT13-9-1,Holocene_bulk,1,3100.327,1658.334,Bythitidae
Caribbean,Bocas del Toro,Sweet Bocas Trench 8,AT13-9-1,Holocene_bulk,2,2066.457,1050.111,Bythitidae
Caribbean,Bocas del Toro,Sweet Bocas Trench 1,AT13-2-1,Holocene_bulk,3,1410.717,706.39,Bythitidae
Caribbean,Bocas del Toro,Sweet Bocas Trench 1,AT13-2-1,Holocene_bulk,4,1441.044,764.841,Bythitidae
Caribbean,Bocas del Toro,Casa Blanca new,AT14-1-7,modern_bulk,1,1450.573,671.133,Bythitidae
Caribbean,Bocas del Toro,Casa Blanca new,AT14-1-5,modern_bulk,2,1862.83,946.021,Bythitidae
Caribbean,Bocas del Toro,Casa Blanca new,AT14-1-8,modern_bulk,3,1680.012,884.474,Bythitidae
Caribbean,Bocas del Toro,Sweet Bocas Trench 1,AT13-2-10,Holocene_bulk,1,1544.476,808.318,Bythitidae
Caribbean,Bocas del Toro,Sweet Bocas Trench 2,AT13-3-10,Holocene_bulk,2,3051.289,1329.729,Bythitidae
Caribbean,Bocas del Toro,Sweet Bocas Trench 5,AT13-6-3,Holocene_bulk,3,2037.535,1084.035,Bythitidae
Caribbean,Bocas del Toro,Casa Blanca,AT13-12-4-1,modern_bulk,1,2414.353,1078.657,Bythitidae
Caribbean,Bocas del Toro,Casa Blanca,AT13-12-4-2,modern_bulk,2,2766.129,1502.016,Bythitidae
Caribbean,Bocas del Toro,Cayo Adriana,AT14-3-6,modern_bulk,3,2282.258,1181.458,Bythitidae
Caribbean,Bocas del Toro,STRI Point,AT12-1-2-2,modern_bulk,1,3580.645,1750,Bythitidae
Caribbean,Bocas del Toro,STRI Point,AT12-1-3-1,modern_bulk,2,1119.407,608.233,Bythitidae
Caribbean,Bocas del Toro,STRI Point,AT12-1-5-1,modern_bulk,3,2044.657,1006.951,Bythitidae
Caribbean,Bocas del Toro,Sunset Point,AT12-2-7,Holocene_bulk,1,1780.343,894.955,Bythitidae
Caribbean,Bocas del Toro,Sunset Point,AT12-2-10,Holocene_bulk,2,2040.323,970.43,Bythitidae
Caribbean,Bocas del Toro,STRI Point,AT12-1-6-1,modern_bulk,3,2794.077,1315.213,Bythitidae
Caribbean,Bocas del Toro,Punta Caracol,AT13-10-4-2,modern_bulk,1,1978.495,938.172,Bythitidae
Caribbean,Bocas del Toro,Casa Blanca,AT13-12-3-1,modern_bulk,2,2046.271,897.849,Bythitidae
Caribbean,Bocas del Toro,Punta Caracol,AT13-10-5-1,modern_bulk,3,2043.011,1026.882,Bythitidae
Caribbean,Bocas del Toro,STRI Point,AT12-1-2-1,modern_bulk,1,3381.601,1554.696,Bythitidae
Caribbean,Bocas del Toro,STRI Point,AT12-1-2-1,modern_bulk,2,1260.764,705.931,Bythitidae
Caribbean,Bocas del Toro,Punta Caracol,AT13-10-1-1,modern_bulk,3,1830.645,869.624,Bythitidae
Caribbean,Bocas del Toro,Punta Caracol,AT13-10-1-1,modern_bulk,4,2375,1111.559,Bythitidae
Caribbean,Bocas del Toro,Punta Caracol,AT13-10-3-1,modern_bulk,1,1177.729,635.717,Bythitidae
Caribbean,Bocas del Toro,Casa Blanca,AT13-12-3-2,modern_bulk,2,2510.931,1096.604,Bythitidae
Caribbean,Bocas del Toro,Casa Blanca,AT13-12-3-2,modern_bulk,3,N/A,748.22,Bythitidae
Caribbean,Bocas del Toro,Casa Blanca new,AT14-1-8,modern_bulk,1,1990.747,767.189,Serranidae
Caribbean,Bocas del Toro,Cayo Adriana,AT14-3-3,modern_bulk,2,2685.484,1588.71,Serranidae
Caribbean,Bocas del Toro,Cayo Adriana,AT14-3-6,modern_bulk,3,2008.065,1104.839,Serranidae
Caribbean,Bocas del Toro,Punta Donato,AT14-2-5,modern_bulk,4,1559.457,675.208,Serranidae
Caribbean,Bocas del Toro,Punta Donato,AT14-2-4,modern_bulk,1,2374.396,1503.333,Haemulidae
Caribbean,Bocas del Toro,Sweet Bocas Trench 4,AT13-5-3,Holocene_bulk,2,2765.703,1935.632,Haemulidae
Caribbean,Bocas del Toro,Sunset Point,AT12-2-5,Holocene_bulk,1,1145.502,1095.274,Bregmacerotidae
Caribbean,Bocas del Toro,Crawl Cay,AT13-11-2-1,modern_bulk,2,959.419,937.353,Bregmacerotidae
Caribbean,Bocas del Toro,Casa Blanca,AT13-12-3-2,modern_bulk,3,1419.355,1473.79,Bregmacerotidae
Caribbean,Bocas del Toro,Punta Donato,AT14-2-1,modern_bulk,4,1366.873,1180.602,Bregmacerotidae
Caribbean,Bocas del Toro,Sweet Bocas Trench 7,AT13-8-1,Holocene_bulk,1,1354.839,1299.731,Bregmacerotidae
Caribbean,Bocas del Toro,Casa Blanca new,AT14-1-2,modern_bulk,2,1532.258,1471.774,Bregmacerotidae
Caribbean,Bocas del Toro,Casa Blanca new,AT14-1-8,modern_bulk,3,1064.516,1155.914,Bregmacerotidae
Caribbean,Bocas del Toro,Sunset Point,AT12-2-4,Holocene_bulk,1,2340.282,1662.407,Gerreidae
Caribbean,Bocas del Toro,Punta Caracol,AT13-10-3-2,modern_bulk,2,1767.316,1266.98,Gerreidae
Caribbean,Bocas del Toro,Sunset Point,AT12-2-2,Holocene_bulk,3,1344.99,938.803,Gerreidae
Caribbean,Bocas del Toro,Sweet Bocas Trench 3,AT13-4-2,Holocene_bulk,1,1385.35,1011.432,Gerreidae
Caribbean,Bocas del Toro,Cayo Adriana,AT14-3-4,modern_bulk,2,3545.482,2323.331,Gerreidae
Caribbean,Bocas del Toro,Sunset Point,AT12-2-5,Holocene_bulk,1,1347.732,1039.447,Labridae
Caribbean,Bocas del Toro,Casa Blanca,AT13-12-3-2,modern_bulk,1,1112.903,745.968,Labridae
Caribbean,Bocas del Toro,Casa Blanca,AT13-12-4-1,modern_bulk,2,N/A,639.785,Labridae
Caribbean,Bocas del Toro,Casa Blanca,AT13-12-4-1,modern_bulk,3,N/A,1035.646,Labridae
Caribbean,Bocas del Toro,Sweet Bocas Trench 2,AT13-3-13,Holocene_bulk,1,834.455,538.358,Labridae
Caribbean,Bocas del Toro,Casa Blanca new,AT14-1-1,modern_bulk,2,1464.334,896.366,Labridae
Caribbean,Bocas del Toro,Cayo Adriana,AT14-3-4,modern_bulk,3,1176.312,812.921,Labridae
Caribbean,Bocas del Toro,STRI Point,AT12-1-2-1,modern_bulk,1,1245.21,872.052,Labridae
Caribbean,Bocas del Toro,STRI Point,AT12-1-2-2,modern_bulk,2,1126.778,740.635,Labridae
Caribbean,Bocas del Toro,STRI Point,AT12-1-3-1,modern_bulk,1,1738.146,1022.05,Clupeidae
Caribbean,Bocas del Toro,STRI Point,AT12-1-3-1,modern_bulk,2,1165.936,655.599,Clupeidae
Caribbean,Bocas del Toro,Sunset Point,AT12-2-3,Holocene_bulk,1,1347.475,801.308,Clupeidae
Caribbean,Bocas del Toro,Sunset Point,AT12-2-3,Holocene_bulk,2,N/A,775.956,Clupeidae
Caribbean,Bocas del Toro,Sunset Point,AT12-2-3,Holocene_bulk,3,N/A,919.307,Clupeidae
Caribbean,Bocas del Toro,Sunset Point,AT12-2-4,Holocene_bulk,1,1504.669,898.271,Clupeidae
Caribbean,Bocas del Toro,Sunset Point,AT12-2-6,Holocene_bulk,2,1029.691,736.813,Clupeidae
Caribbean,Bocas del Toro,Casa Blanca new,AT14-1-1,modern_bulk,3,1217.117,634.948,Clupeidae
Caribbean,Bocas del Toro,Casa Blanca new,AT14-1-1,modern_bulk,4,959.693,565.05,Clupeidae
Caribbean,Bocas del Toro,Casa Blanca new,AT14-1-2,modern_bulk,1,1227.966,728.339,Clupeidae
Caribbean,Bocas del Toro,Casa Blanca new,AT14-1-2,modern_bulk,2,1226.092,686.217,Clupeidae
Caribbean,Bocas del Toro,Casa Blanca new,AT14-1-3,modern_bulk,3,1288.581,732.468,Clupeidae
Caribbean,Bocas del Toro,Casa Blanca new,AT14-1-3,modern_bulk,4,1127.002,599.443,Clupeidae
Caribbean,Bocas del Toro,Casa Blanca new,AT14-1-7,modern_bulk,1,1901.174,1094.538,Clupeidae
Caribbean,Bocas del Toro,Sweet Bocas SE Face,AT14-10-3,Holocene_bulk,2,1346.665,738.311,Clupeidae
Caribbean,Bocas del Toro,Casa Blanca new,AT14-1-8,modern_bulk,3,1300.22,703.557,Clupeidae
Caribbean,Bocas del Toro,Casa Blanca new,AT14-1-8,modern_bulk,4,1028.566,625.272,Clupeidae
Caribbean,Bocas del Toro,Punta Donato,AT14-2-5,modern_bulk,1,1471.272,934.003,Clupeidae
Caribbean,Bocas del Toro,Cayo Adriana,AT14-3-1,modern_bulk,2,1211.071,738.606,Clupeidae
Caribbean,Bocas del Toro,Cayo Adriana,AT14-3-3,modern_bulk,3,1045.611,642.363,Clupeidae
Caribbean,Bocas del Toro,Sweet Bocas SE Face,AT14-7-1,Holocene_bulk,4,1329.803,780.206,Clupeidae
Caribbean,Bocas del Toro,Cayo Adriana,AT14-3-5,modern_bulk,1,1226.532,671.943,Clupeidae
Caribbean,Bocas del Toro,Cayo Adriana,AT14-3-5,modern_bulk,2,944.103,542.349,Clupeidae
Caribbean,Bocas del Toro,Cayo Adriana,AT14-3-5,modern_bulk,3,1141.748,662.779,Clupeidae
Caribbean,Bocas del Toro,Cayo Adriana,AT14-3-5,modern_bulk,4,1075.002,625.263,Clupeidae
Caribbean,Bocas del Toro,Punta Caracol,AT13-10-3-1,modern_bulk,1,1300.202,744.497,Clupeidae
Caribbean,Bocas del Toro,Punta Caracol,AT13-10-4-1,modern_bulk,2,900.476,588.607,Clupeidae
Caribbean,Bocas del Toro,Casa Blanca,AT13-12-1-1,modern_bulk,3,1082.054,729.865,Clupeidae
Caribbean,Bocas del Toro,Casa Blanca,AT13-12-1-1,modern_bulk,4,1127.744,651.557,Clupeidae
Caribbean,Bocas del Toro,Punta Caracol,AT13-10-4-2,modern_bulk,1,1232.346,662.963,Clupeidae
Caribbean,Bocas del Toro,Casa Blanca,AT13-12-2-2,modern_bulk,2,1232.338,709.904,Clupeidae
Caribbean,Bocas del Toro,Casa Blanca,AT13-12-2-2,modern_bulk,3,1115.508,650.994,Clupeidae
Caribbean,Bocas del Toro,Casa Blanca,AT13-12-3-2,modern_bulk,1,1048.602,602.437,Clupeidae
Caribbean,Bocas del Toro,Casa Blanca,AT13-12-3-2,modern_bulk,2,1235.808,702.295,Clupeidae
Caribbean,Bocas del Toro,Casa Blanca,AT13-12-4-1,modern_bulk,3,N/A,1003.049,Clupeidae
Caribbean,Bocas del Toro,Sweet Bocas Trench 1,AT13-2-9,Holocene_bulk,1,N/A,1499.396,Acanthuridae
Caribbean,Bocas del Toro,STRI Point,AT12-1-4-1,modern_bulk,1,4092.606,2022.222,Batrachoididae
Caribbean,Bocas del Toro,Sweet Bocas Trench 8,AT13-9-1,Holocene_bulk,2,1102.801,1078.572,Batrachoididae
Caribbean,Bocas del Toro,Cayo Adriana,AT14-3-3,modern_bulk,3,2542.331,1367.849,Batrachoididae
Caribbean,Bocas del Toro,Cayo Adriana,AT14-3-6,modern_bulk,1,1373.724,838.32,Batrachoididae
Caribbean,Bocas del Toro,Cayo Adriana,AT14-3-6,modern_bulk,2,2015.826,1200.063,Batrachoididae
Caribbean,Bocas del Toro,Sunset Point,AT12-2-2,Holocene_bulk,1,1165.825,698.507,Opistognathidae
Caribbean,Bocas del Toro,Sweet Bocas Trench 7,AT13-8-1,Holocene_bulk,2,2682.128,1536.005,Opistognathidae
Caribbean,Bocas del Toro,Sunset Point,AT12-2-3,Holocene_bulk,1,N/A,1029.056,Synodontidae
Caribbean,Bocas del Toro,Sweet Bocas Trench 3,AT13-4-3,Holocene_bulk,2,N/A,1135.892,Synodontidae
Caribbean,Bocas del Toro,Casa Blanca,AT13-12-3-2,modern_bulk,3,N/A,1215.956,Synodontidae
Caribbean,Bocas del Toro,Casa Blanca,AT13-12-3-2,modern_bulk,4,N/A,1025.893,Synodontidae
Caribbean,Bocas del Toro,Sunset Point,AT12-2-5,Holocene_bulk,1,1563.146,978.297,Scaridae
Caribbean,Bocas del Toro,Punta Caracol,AT13-10-1-1,modern_bulk,2,N/A,1136.171,Scaridae
Caribbean,Bocas del Toro,Punta Caracol,AT13-10-1-2,modern_bulk,3,1602.571,1016.643,Scaridae
Caribbean,Bocas del Toro,Sweet Bocas Trench 5,AT13-6-1,Holocene_bulk,4,2081.883,1228.917,Scaridae
Caribbean,Bocas del Toro,Sweet Bocas Trench 8,AT13-9-1,Holocene_bulk,1,1498.476,955.789,Scaridae
Caribbean,Bocas del Toro,Casa Blanca new,AT14-1-5,modern_bulk,2,2852.923,1784.876,Scaridae
Caribbean,Bocas del Toro,Cayo Adriana,AT14-3-1,modern_bulk,3,1063.653,695.699,Scaridae
Caribbean,Bocas del Toro,Cayo Adriana,AT14-3-2,modern_bulk,4,1176.696,817.87,Scaridae
Caribbean,Bocas del Toro,Cayo Adriana,AT14-3-6,modern_bulk,1,2379.087,1399.427,Scaridae
Caribbean,Bocas del Toro,Sweet Bocas SE Face,AT14-6-3,Holocene_bulk,2,1407.248,844.2,Scaridae
Caribbean,Bocas del Toro,Casa Blanca new,AT14-1-2,modern_bulk,1,1322.996,1073.789,Atherinidae
Caribbean,Bocas del Toro,Casa Blanca new,AT14-1-2,modern_bulk,2,1112.984,892.74,Atherinidae
Caribbean,Bocas del Toro,Casa Blanca new,AT14-1-2,modern_bulk,3,1310.232,1023.894,Atherinidae
Caribbean,Bocas del Toro,Casa Blanca new,AT14-1-2,modern_bulk,4,N/A,1034.615,Atherinidae
Caribbean,Bocas del Toro,Casa Blanca new,AT14-1-2,modern_bulk,5,1552.357,1309.932,Atherinidae
Caribbean,Bocas del Toro,Casa Blanca new,AT14-1-2,modern_bulk,6,1547.229,1162.665,Atherinidae
Caribbean,Bocas del Toro,Casa Blanca new,AT14-1-2,modern_bulk,7,1618.222,1295.115,Atherinidae
Caribbean,Bocas del Toro,Casa Blanca new,AT14-1-2,modern_bulk,8,1519.626,1259.746,Atherinidae
Caribbean,Bocas del Toro,Casa Blanca new,AT14-1-2,modern_bulk,9,1583.415,1325.367,Atherinidae
Caribbean,Bocas del Toro,Casa Blanca new,AT14-1-2,modern_bulk,10,N/A,957.687,Atherinidae
Caribbean,Bocas del Toro,Casa Blanca new,AT14-1-2,modern_bulk,1,1967.742,1818.553,Atherinidae
Caribbean,Bocas del Toro,Casa Blanca new,AT14-1-2,modern_bulk,2,2091.463,1983.871,Atherinidae
Caribbean,Bocas del Toro,Casa Blanca new,AT14-1-2,modern_bulk,3,2092.008,1961.999,Atherinidae
Caribbean,Bocas del Toro,Casa Blanca new,AT14-1-2,modern_bulk,4,1440.47,1294.557,Atherinidae
Caribbean,Bocas del Toro,Casa Blanca new,AT14-1-2,modern_bulk,1,N/A,1333.513,Atherinidae
Caribbean,Bocas del Toro,Casa Blanca new,AT14-1-2,modern_bulk,2,773.295,649.539,Atherinidae
Caribbean,Bocas del Toro,Casa Blanca new,AT14-1-5,modern_bulk,1,916.053,789.689,Atherinidae
Caribbean,Bocas del Toro,Casa Blanca new,AT14-1-5,modern_bulk,2,1263.354,998.136,Atherinidae
Caribbean,Bocas del Toro,Casa Blanca new,AT14-1-5,modern_bulk,3,1538.686,1247.531,Atherinidae
Caribbean,Bocas del Toro,Casa Blanca new,AT14-1-5,modern_bulk,4,1392.403,1139.366,Atherinidae
Caribbean,Bocas del Toro,Casa Blanca new,AT14-1-5,modern_bulk,5,1990.272,2038.904,Atherinidae
Caribbean,Bocas del Toro,Casa Blanca new,AT14-1-5,modern_bulk,6,1748.152,1635.234,Atherinidae
Caribbean,Bocas del Toro,Casa Blanca new,AT14-1-7,modern_bulk,1,971.919,761.309,Atherinidae
Caribbean,Bocas del Toro,Casa Blanca new,AT14-1-7,modern_bulk,2,1238.503,941.006,Atherinidae
Caribbean,Bocas del Toro,Casa Blanca new,AT14-1-7,modern_bulk,3,1448.512,1201.304,Atherinidae
Caribbean,Bocas del Toro,Casa Blanca new,AT14-1-7,modern_bulk,4,1215.194,974.326,Atherinidae
Caribbean,Bocas del Toro,Casa Blanca new,AT14-1-7,modern_bulk,5,1204.275,968.3,Atherinidae
Caribbean,Bocas del Toro,Casa Blanca new,AT14-1-7,modern_bulk,6,1284.184,1139.691,Atherinidae
Caribbean,Bocas del Toro,Casa Blanca new,AT14-1-7,modern_bulk,7,1058.647,798.014,Atherinidae
Caribbean,Bocas del Toro,Casa Blanca new,AT14-1-7,modern_bulk,8,1010.077,1276.0.50,Atherinidae
Caribbean,Bocas del Toro,Casa Blanca new,AT14-1-7,modern_bulk,1,2154.69,1882.155,Atherinidae
Caribbean,Bocas del Toro,Casa Blanca new,AT14-1-7,modern_bulk,2,1085.218,927.635,Atherinidae
Caribbean,Bocas del Toro,Casa Blanca new,AT14-1-7,modern_bulk,3,999.563,840.663,Atherinidae
Caribbean,Bocas del Toro,Casa Blanca new,AT14-1-7,modern_bulk,4,1389.256,1207.776,Atherinidae
Caribbean,Bocas del Toro,Casa Blanca new,AT14-1-7,modern_bulk,5,1261.245,1186.663,Atherinidae
Caribbean,Bocas del Toro,Casa Blanca new,AT14-1-7,modern_bulk,6,1651.089,1422.82,Atherinidae
Caribbean,Bocas del Toro,Casa Blanca new,AT14-1-7,modern_bulk,7,1633.738,1427.261,Atherinidae
Caribbean,Bocas del Toro,Casa Blanca new,AT14-1-7,modern_bulk,8,1860.126,1788.533,Atherinidae
Caribbean,Bocas del Toro,Casa Blanca new,AT14-1-8,modern_bulk,1,2003.492,1942.187,Atherinidae
Caribbean,Bocas del Toro,Casa Blanca new,AT14-1-8,modern_bulk,2,1461.795,1276.516,Atherinidae
Caribbean,Bocas del Toro,Casa Blanca new,AT14-1-8,modern_bulk,3,913.624,754.971,Atherinidae
Caribbean,Bocas del Toro,Casa Blanca new,AT14-1-8,modern_bulk,4,1287.778,1090.351,Atherinidae
Caribbean,Bocas del Toro,Casa Blanca new,AT14-1-8,modern_bulk,5,1511.91,1297.73,Atherinidae
Caribbean,Bocas del Toro,Casa Blanca new,AT14-1-1,modern_bulk,1,2113.563,2180.242,Atherinidae
Caribbean,Bocas del Toro,Casa Blanca new,AT14-1-1,modern_bulk,2,1393.121,1068.94,Atherinidae
Caribbean,Bocas del Toro,Punta Donato,AT14-2-1,modern_bulk,3,1397.636,1186.167,Atherinidae
Caribbean,Bocas del Toro,Punta Donato,AT14-2-1,modern_bulk,4,1738.586,1469.206,Atherinidae
Caribbean,Bocas del Toro,Punta Donato,AT14-2-2,modern_bulk,1,1732.997,1359.858,Atherinidae
Caribbean,Bocas del Toro,Punta Donato,AT14-2-4,modern_bulk,2,1529.912,1281.435,Atherinidae
Caribbean,Bocas del Toro,Punta Donato,AT14-2-4,modern_bulk,3,1506.811,1221.524,Atherinidae
Caribbean,Bocas del Toro,Punta Donato,AT14-2-4,modern_bulk,4,1340.177,1134.175,Atherinidae
Caribbean,Bocas del Toro,Cayo Adriana,AT14-3-3,modern_bulk,1,1236.406,1020.029,Atherinidae
Caribbean,Bocas del Toro,Cayo Adriana,AT14-3-3,modern_bulk,2,1399.521,1180.146,Atherinidae
Caribbean,Bocas del Toro,Cayo Adriana,AT14-3-4,modern_bulk,3,1645.417,1402.513,Atherinidae
Caribbean,Bocas del Toro,Cayo Adriana,AT14-3-4,modern_bulk,4,1225.741,997.711,Atherinidae
Caribbean,Bocas del Toro,Cayo Adriana,AT14-3-4,modern_bulk,5,1025.023,802.014,Atherinidae
Caribbean,Bocas del Toro,Cayo Adriana,AT14-3-5,modern_bulk,1,1696.495,1495.711,Atherinidae
Caribbean,Bocas del Toro,Cayo Adriana,AT14-3-5,modern_bulk,2,1292.702,1107.61,Atherinidae
Caribbean,Bocas del Toro,Cayo Adriana,AT14-3-5,modern_bulk,3,919.595,736.702,Atherinidae
Caribbean,Bocas del Toro,Cayo Adriana,AT14-3-6,modern_bulk,4,1711.012,1430.434,Atherinidae
Caribbean,Bocas del Toro,Cayo Adriana,AT14-3-6,modern_bulk,5,1849.363,1475.226,Atherinidae
Caribbean,Bocas del Toro,STRI Point,AT12-1-2-1,modern_bulk,1,1188.094,963.55,Atherinidae
Caribbean,Bocas del Toro,STRI Point,AT12-1-2-2,modern_bulk,2,1323.384,1005.77,Atherinidae
Caribbean,Bocas del Toro,STRI Point,AT12-1-2-2,modern_bulk,3,1542.985,1461.367,Atherinidae
Caribbean,Bocas del Toro,STRI Point,AT12-1-3-1,modern_bulk,1,1392.739,1115.65,Atherinidae
Caribbean,Bocas del Toro,STRI Point,AT12-1-3-1,modern_bulk,2,1375.092,1212.712,Atherinidae
Caribbean,Bocas del Toro,STRI Point,AT12-1-3-1,modern_bulk,3,1660.759,1402.626,Atherinidae
Caribbean,Bocas del Toro,STRI Point,AT12-1-4-1,modern_bulk,4,1482.353,1301.849,Atherinidae
Caribbean,Bocas del Toro,STRI Point,AT12-1-4-1,modern_bulk,5,1154.956,965.512,Atherinidae
Caribbean,Bocas del Toro,STRI Point,AT12-1-5-1,modern_bulk,1,1337.7,1197.356,Atherinidae
Caribbean,Bocas del Toro,STRI Point,AT12-1-5-1,modern_bulk,2,1243.823,996.492,Atherinidae
Caribbean,Bocas del Toro,STRI Point,AT12-1-6-1,modern_bulk,3,1431.681,1161.345,Atherinidae
Caribbean,Bocas del Toro,Punta Caracol,AT13-10-3-1,modern_bulk,1,2080.024,2028.911,Atherinidae
Caribbean,Bocas del Toro,Punta Caracol,AT13-10-4-2,modern_bulk,2,N/A,1243.263,Atherinidae
Caribbean,Bocas del Toro,Crawl Cay,AT13-11-2-1,modern_bulk,3,1659.573,1276.797,Atherinidae
Caribbean,Bocas del Toro,Punta Caracol,AT13-10-2-1,modern_bulk,1,N/A,1450.853,Atherinidae
Caribbean,Bocas del Toro,Punta Caracol,AT13-10-2-1,modern_bulk,2,N/A,1224.901,Atherinidae
Caribbean,Bocas del Toro,Punta Caracol,AT13-10-2-1,modern_bulk,3,2267.899,2030.588,Atherinidae
Caribbean,Bocas del Toro,Punta Caracol,AT13-10-2-1,modern_bulk,4,1598.229,1304.002,Atherinidae
Caribbean,Bocas del Toro,Punta Caracol,AT13-10-3-2,modern_bulk,1,1965,1704.063,Atherinidae
Caribbean,Bocas del Toro,Punta Caracol,AT13-10-3-2,modern_bulk,2,1165.717,921.952,Atherinidae
Caribbean,Bocas del Toro,Punta Caracol,AT13-10-3-2,modern_bulk,3,1759.994,1535.632,Atherinidae
Caribbean,Bocas del Toro,Punta Caracol,AT13-10-3-2,modern_bulk,4,1281.963,1103.736,Atherinidae
Caribbean,Bocas del Toro,Casa Blanca,AT13-12-2-1,modern_bulk,1,1657.074,1422.95,Atherinidae
Caribbean,Bocas del Toro,Casa Blanca,AT13-12-2-1,modern_bulk,2,1647.103,1385.656,Atherinidae
Caribbean,Bocas del Toro,Casa Blanca,AT13-12-2-1,modern_bulk,3,1716.927,1469.305,Atherinidae
Caribbean,Bocas del Toro,Casa Blanca,AT13-12-2-1,modern_bulk,4,1356.709,1136.175,Atherinidae
Caribbean,Bocas del Toro,Casa Blanca,AT13-12-2-1,modern_bulk,5,1362.147,1208.352,Atherinidae
Caribbean,Bocas del Toro,Casa Blanca,AT13-12-2-1,modern_bulk,6,1456.28,1221.096,Atherinidae
Caribbean,Bocas del Toro,Crawl Cay,AT13-11-3-1,modern_bulk,1,1313.103,1200.678,Atherinidae
Caribbean,Bocas del Toro,STRI Point,AT12-1-1-1,modern_bulk,1,1605.716,1192.141,Apogonidae
Caribbean,Bocas del Toro,STRI Point,AT12-1-1-1,modern_bulk,2,1007.019,760.598,Apogonidae
Caribbean,Bocas del Toro,STRI Point,AT12-1-3-1,modern_bulk,3,N/A,1380.54,Apogonidae
Caribbean,Bocas del Toro,STRI Point,AT12-1-3-1,modern_bulk,4,1957.079,1337.452,Apogonidae
Caribbean,Bocas del Toro,STRI Point,AT12-1-3-1,modern_bulk,5,3168.87,2100.033,Apogonidae
Caribbean,Bocas del Toro,STRI Point,AT12-1-2-2,modern_bulk,1,2005.15,1517.402,Apogonidae
Caribbean,Bocas del Toro,STRI Point,AT12-1-4-1,modern_bulk,2,1469.966,1059.96,Apogonidae
Caribbean,Bocas del Toro,STRI Point,AT12-1-4-1,modern_bulk,3,1235.037,913.915,Apogonidae
Caribbean,Bocas del Toro,STRI Point,AT12-1-5-1,modern_bulk,1,2190.537,1581.632,Apogonidae
Caribbean,Bocas del Toro,STRI Point,AT12-1-6-1,modern_bulk,2,1537.402,1079.166,Apogonidae
Caribbean,Bocas del Toro,STRI Point,AT12-1-6-1,modern_bulk,3,1393.617,1027.673,Apogonidae
Caribbean,Bocas del Toro,Sunset Point,AT12-2-1,Holocene_bulk,4,1551.545,1080.954,Apogonidae
Caribbean,Bocas del Toro,Sunset Point,AT12-2-2,Holocene_bulk,5,1137.819,808.234,Apogonidae
Caribbean,Bocas del Toro,Sunset Point,AT12-2-10,Holocene_bulk,1,1087.265,839.396,Apogonidae
Caribbean,Bocas del Toro,Sunset Point,AT12-2-10,Holocene_bulk,2,1175.123,874.172,Apogonidae
Caribbean,Bocas del Toro,Sweet Bocas Trench 1,AT13-2-1,Holocene_bulk,1,1041.619,758.376,Apogonidae
Caribbean,Bocas del Toro,Sweet Bocas Trench 1,AT13-2-8,Holocene_bulk,2,940.694,719.453,Apogonidae
Caribbean,Bocas del Toro,Sweet Bocas Trench 2,AT13-3-10,Holocene_bulk,3,NA,1705.377,Apogonidae
Caribbean,Bocas del Toro,Sweet Bocas Trench 5,AT13-6-3,Holocene_bulk,4,1138.022,815.967,Apogonidae
Caribbean,Bocas del Toro,Sweet Bocas Trench 1,AT13-9-1,Holocene_bulk,1,1575.834,1103.462,Apogonidae
Caribbean,Bocas del Toro,Sweet Bocas Trench 8,AT13-2-10,Holocene_bulk,2,1885.942,N/A,Apogonidae
Caribbean,Bocas del Toro,Sweet Bocas Trench 8,AT13-2-10,Holocene_bulk,3,NA,NA,Apogonidae
Caribbean,Bocas del Toro,Sweet Bocas Trench 3,AT13-4-3,Holocene_bulk,1,3678.12,2670.748,Apogonidae
Caribbean,Bocas del Toro,Sweet Bocas Trench 3,AT13-4-3,Holocene_bulk,2,1479.115,1124.498,Apogonidae
Caribbean,Bocas del Toro,Sweet Bocas Trench 3,AT13-4-3,Holocene_bulk,3,1072.108,882.629,Apogonidae
Caribbean,Bocas del Toro,Casa Blanca,AT13-12-4-2,modern_bulk,1,2578.022,1761.689,Apogonidae
Caribbean,Bocas del Toro,Casa Blanca,AT13-12-4-2,modern_bulk,2,1964.531,1337.438,Apogonidae
Caribbean,Bocas del Toro,Casa Blanca,AT13-12-4-2,modern_bulk,3,1053.032,749.455,Apogonidae
Caribbean,Bocas del Toro,Casa Blanca,AT13-12-4-2,modern_bulk,4,1690.701,128.512,Apogonidae
Caribbean,Bocas del Toro,Casa Blanca,AT13-12-4-2,modern_bulk,5,1820.992,1376.885,Apogonidae
Caribbean,Bocas del Toro,Casa Blanca,AT13-12-4-2,modern_bulk,6,1642.909,1211.006,Apogonidae
Caribbean,Bocas del Toro,Casa Blanca,AT13-12-4-2,modern_bulk,7,2058.59,1498.135,Apogonidae
Caribbean,Bocas del Toro,Casa Blanca,AT13-12-4-2,modern_bulk,8,N/A,882.27,Apogonidae
Caribbean,Bocas del Toro,Casa Blanca,AT13-12-4-2,modern_bulk,9,1824.813,1385.96,Apogonidae
Caribbean,Bocas del Toro,Punta Caracol,AT13-10-1-1,modern_bulk,1,1810.845,1341.26,Apogonidae
Caribbean,Bocas del Toro,Punta Caracol,AT13-10-1-2,modern_bulk,2,1964.705,1414.551,Apogonidae
Caribbean,Bocas del Toro,Punta Caracol,AT13-10-3-1,modern_bulk,3,2274.919,1577.757,Apogonidae
Caribbean,Bocas del Toro,Punta Caracol,AT13-10-3-2,modern_bulk,4,2347.151,1626.642,Apogonidae
Caribbean,Bocas del Toro,Punta Caracol,AT13-10-3-2,modern_bulk,5,1427.238,1025.086,Apogonidae
Caribbean,Bocas del Toro,Punta Caracol,AT13-10-4-1,modern_bulk,1,NA,1818.752,Apogonidae
Caribbean,Bocas del Toro,Punta Caracol,AT13-10-4-1,modern_bulk,2,1828.407,1375.595,Apogonidae
Caribbean,Bocas del Toro,Punta Caracol,AT13-10-5-2,modern_bulk,3,906.798,709.973,Apogonidae
Caribbean,Bocas del Toro,Crawl Cay,AT13-11-1-1,modern_bulk,4,1911.608,1345.217,Apogonidae
Caribbean,Bocas del Toro,Crawl Cay,AT13-11-1-1,modern_bulk,5,1707.33,1215.176,Apogonidae
Caribbean,Bocas del Toro,Crawl Cay,AT13-11-3-1,modern_bulk,6,1684.639,1216.504,Apogonidae
Caribbean,Bocas del Toro,Crawl Cay,AT13-11-2-1,modern_bulk,1,2371.2,1750.729,Apogonidae
Caribbean,Bocas del Toro,Crawl Cay,AT13-11-2-1,modern_bulk,2,2198.527,1556.473,Apogonidae
Caribbean,Bocas del Toro,Crawl Cay,AT13-11-2-1,modern_bulk,3,1314.967,962.625,Apogonidae
Caribbean,Bocas del Toro,Crawl Cay,AT13-11-2-1,modern_bulk,4,2241.968,1454.441,Apogonidae
Caribbean,Bocas del Toro,Casa Blanca,AT13-12-1-1,modern_bulk,5,1634.503,1263.545,Apogonidae
Caribbean,Bocas del Toro,Casa Blanca,AT13-12-1-1,modern_bulk,6,NA,1610.169,Apogonidae
Caribbean,Bocas del Toro,Casa Blanca,AT13-12-1-1,modern_bulk,7,2063.587,1700.978,Apogonidae
Caribbean,Bocas del Toro,Casa Blanca,AT13-12-1-2,modern_bulk,1,NA,1070.367,Apogonidae
Caribbean,Bocas del Toro,Casa Blanca,AT13-12-1-2,modern_bulk,2,1559.566,1062.005,Apogonidae
Caribbean,Bocas del Toro,Casa Blanca,AT13-12-1-2,modern_bulk,3,1913.9,1490.024,Apogonidae
Caribbean,Bocas del Toro,Casa Blanca,AT13-12-1-2,modern_bulk,4,2338.744,1571.749,Apogonidae
Caribbean,Bocas del Toro,Casa Blanca,AT13-12-2-1,modern_bulk,5,2318.917,1707.793,Apogonidae
Caribbean,Bocas del Toro,Casa Blanca,AT13-12-2-1,modern_bulk,6,2319.064,1655.221,Apogonidae
Caribbean,Bocas del Toro,Casa Blanca,AT13-12-2-1,modern_bulk,7,2000.492,1468.191,Apogonidae
Caribbean,Bocas del Toro,Casa Blanca,AT13-12-2-1,modern_bulk,8,1874.345,1333.514,Apogonidae
Caribbean,Bocas del Toro,Casa Blanca,AT13-12-2-1,modern_bulk,9,1347.673,959.719,Apogonidae
Caribbean,Bocas del Toro,Casa Blanca,AT13-12-2-2,modern_bulk,1,NA,1165.522,Apogonidae
Caribbean,Bocas del Toro,Casa Blanca,AT13-12-2-2,modern_bulk,2,1975.186,1356.449,Apogonidae
Caribbean,Bocas del Toro,Casa Blanca,AT13-12-2-2,modern_bulk,3,1878.564,1398.967,Apogonidae
Caribbean,Bocas del Toro,Casa Blanca,AT13-12-2-2,modern_bulk,4,1551.625,1078.544,Apogonidae
Caribbean,Bocas del Toro,Casa Blanca,AT13-12-3-2,modern_bulk,5,2472.98,1695.543,Apogonidae
Caribbean,Bocas del Toro,Casa Blanca,AT13-12-3-2,modern_bulk,6,983.627,704.696,Apogonidae
Caribbean,Bocas del Toro,Casa Blanca,AT13-12-3-2,modern_bulk,7,NA,1326.593,Apogonidae
Caribbean,Bocas del Toro,Casa Blanca,AT13-12-3-2,modern_bulk,8,1307.966,998.227,Apogonidae
Caribbean,Bocas del Toro,Sweet Bocas SE Face,AT14-11-1,Holocene_bulk,1,1882.424,1331.13,Apogonidae
Caribbean,Bocas del Toro,Sweet Bocas SE Face,AT14-10-2,Holocene_bulk,2,1552.759,1033.067,Apogonidae
Caribbean,Bocas del Toro,Sweet Bocas SE Face,AT14-6-3,Holocene_bulk,3,1520.598,1057.751,Apogonidae
Caribbean,Bocas del Toro,Sweet Bocas SE Face,AT14-7-1,Holocene_bulk,4,1286.306,945.146,Apogonidae
Caribbean,Bocas del Toro,Cayo Adriana,AT14-3-2,modern_bulk,1,3331.243,2232.826,Apogonidae
Caribbean,Bocas del Toro,Punta Donato,AT14-2-1,modern_bulk,2,2157.287,1607.832,Apogonidae
Caribbean,Bocas del Toro,Punta Donato,AT14-2-1,modern_bulk,3,NA,1555.108,Apogonidae
Caribbean,Bocas del Toro,Sweet Bocas SE Face,AT14-5-2,Holocene_bulk,4,2173.562,1472.682,Apogonidae
Caribbean,Bocas del Toro,Sweet Bocas SE Face,AT14-10-2,Holocene_bulk,5,1344.399,945.006,Apogonidae
Caribbean,Bocas del Toro,Sweet Bocas SE Face,AT14-10-2,Holocene_bulk,6,1215.411,913.845,Apogonidae
Caribbean,Bocas del Toro,Cayo Adriana,AT14-3-5,modern_bulk,1,NA,1841.673,Apogonidae
Caribbean,Bocas del Toro,Cayo Adriana,AT14-3-5,modern_bulk,2,2251.126,1481.425,Apogonidae
Caribbean,Bocas del Toro,Punta Donato,AT14-2-5,modern_bulk,3,2073.56,1457.751,Apogonidae
Caribbean,Bocas del Toro,Punta Donato,AT14-2-5,modern_bulk,4,1847.099,1371.045,Apogonidae
Caribbean,Bocas del Toro,Cayo Adriana,AT14-3-4,modern_bulk,5,1426.618,990.735,Apogonidae
Caribbean,Bocas del Toro,Cayo Adriana,AT14-3-6,modern_bulk,6,NA,2151.723,Apogonidae
Caribbean,Bocas del Toro,Cayo Adriana,AT14-3-6,modern_bulk,7,1960.888,1341.006,Apogonidae
Caribbean,Bocas del Toro,Cayo Adriana,AT14-3-1,modern_bulk,1,2011.344,1395.888,Apogonidae
Caribbean,Bocas del Toro,Cayo Adriana,AT14-3-1,modern_bulk,2,1396.197,894.094,Apogonidae
Caribbean,Bocas del Toro,Cayo Adriana,AT14-3-1,modern_bulk,3,2007.25,1421.539,Apogonidae
Caribbean,Bocas del Toro,Casa Blanca,AT13-12-4-1,modern_bulk,1,2262.44,1647.294,Apogonidae
Caribbean,Bocas del Toro,Casa Blanca,AT13-12-4-1,modern_bulk,2,1778.269,1292.457,Apogonidae
Caribbean,Bocas del Toro,Casa Blanca,AT13-12-4-1,modern_bulk,3,1664.986,1219.124,Apogonidae
Caribbean,Bocas del Toro,Casa Blanca,AT13-12-4-1,modern_bulk,4,1514.284,1052.709,Apogonidae
Caribbean,Bocas del Toro,Casa Blanca,AT13-12-4-1,modern_bulk,5,1872.442,1318.567,Apogonidae
Caribbean,Bocas del Toro,Sunset Point,AT12-2-10,Holocene_bulk,3,N/A,1162.331,Apogonidae
Caribbean,Bocas del Toro,STRI Point,AT12-1-1-1,modern_bulk,1,3328.776,1954.216,Engraulidae
Caribbean,Bocas del Toro,STRI Point,AT12-1-2-1,modern_bulk,2,2158.373,1198.967,Engraulidae
Caribbean,Bocas del Toro,STRI Point,AT12-1-5-1,modern_bulk,3,2557.342,1561.768,Egraulidae
Caribbean,Bocas del Toro,STRI Point,AT12-1-5-1,modern_bulk,4,2075.197,1325.075,Engraulidae
Caribbean,Bocas del Toro,STRI Point,AT12-1-5-1,modern_bulk,5,1249.098,793.647,Engraulidae
Caribbean,Bocas del Toro,STRI Point,AT12-1-5-1,modern_bulk,1,2159.522,1205.549,Engraulidae
Caribbean,Bocas del Toro,STRI Point,AT12-1-6-1,modern_bulk,2,2238.776,1419.198,Engraulidae
Caribbean,Bocas del Toro,Sunset Point,AT12-2-4,Holocene_bulk,1,N/A,768.381,Engraulidae
Caribbean,Bocas del Toro,Sunset Point,AT12-2-4,Holocene_bulk,2,N/A,745.086,Engraulidae
Caribbean,Bocas del Toro,Sunset Point,AT12-2-4,Holocene_bulk,3,1382.028,735.951,Engraulidae
Caribbean,Bocas del Toro,Sunset Point,AT12-2-4,Holocene_bulk,4,1598.654,982.798,Engraulidae
Caribbean,Bocas del Toro,Sunset Point,AT12-2-4,Holocene_bulk,5,1319.115,653.827,Engraulidae
Caribbean,Bocas del Toro,Sunset Point,AT12-2-4,Holocene_bulk,6,1453.082,946.601,Engraulidae
Caribbean,Bocas del Toro,Sunset Point,AT12-2-4,Holocene_bulk,1,1929.269,1016.773,Engraulidae
Caribbean,Bocas del Toro,Sunset Point,AT12-2-4,Holocene_bulk,2,1881.523,988.824,Engraulidae
Caribbean,Bocas del Toro,Sunset Point,AT12-2-4,Holocene_bulk,3,2149.977,1128.883,Engraulidae
Caribbean,Bocas del Toro,Sunset Point,AT12-2-4,Holocene_bulk,4,2079.918,1165.482,Engraulidae
Caribbean,Bocas del Toro,Sunset Point,AT12-2-4,Holocene_bulk,5,2007.336,1069.997,Engraulidae
Caribbean,Bocas del Toro,Sunset Point,AT12-2-4,Holocene_bulk,6,2132.921,1203.867,Engraulidae
Caribbean,Bocas del Toro,Sunset Point,AT12-2-4,Holocene_bulk,7,2382.446,1332.267,Engraulidae
Caribbean,Bocas del Toro,Sunset Point,AT12-2-4,Holocene_bulk,8,1503.909,829.522,Engraulidae
Caribbean,Bocas del Toro,Sunset Point,AT12-2-4,Holocene_bulk,9,2241.265,1204.392,Engraulidae
Caribbean,Bocas del Toro,Sunset Point,AT12-2-4,Holocene_bulk,10,1776.486,942.973,Engraulidae
Caribbean,Bocas del Toro,STRI Point,AT12-1-2-1,modern_bulk,1,1624.099,873.065,Engraulidae
Caribbean,Bocas del Toro,STRI Point,AT12-1-2-1,modern_bulk,2,NA,1123.583,Engraulidae
Caribbean,Bocas del Toro,STRI Point,AT12-1-2-1,modern_bulk,3,1872.114,1214.982,Engraulidae
Caribbean,Bocas del Toro,STRI Point,AT12-1-2-1,modern_bulk,4,1846.031,1144.527,Engraulidae
Caribbean,Bocas del Toro,STRI Point,AT12-1-2-1,modern_bulk,5,2190.14,1374.97,Engraulidae
Caribbean,Bocas del Toro,STRI Point,AT12-1-2-1,modern_bulk,6,2109.423,1313.555,Engraulidae
Caribbean,Bocas del Toro,Sunset Point,AT12-2-10,Holocene_bulk,1,1150.466,750.042,Engraulidae
Caribbean,Bocas del Toro,Sunset Point,AT12-2-10,Holocene_bulk,2,1352.766,805.762,Engraulidae
Caribbean,Bocas del Toro,Sunset Point,AT12-2-10,Holocene_bulk,3,N/A,1048.604,Engraulidae
Caribbean,Bocas del Toro,Sunset Point,AT12-2-10,Holocene_bulk,4,N/A,902.085,Engraulidae
Caribbean,Bocas del Toro,Sunset Point,AT12-2-10,Holocene_bulk,5,2202.792,1182.421,Engraulidae
Caribbean,Bocas del Toro,Sunset Point,AT12-2-5,Holocene_bulk,1,1806.782,1000.095,Engraulidae
Caribbean,Bocas del Toro,Sunset Point,AT12-2-5,Holocene_bulk,2,1775.242,931.745,Engraulidae
Caribbean,Bocas del Toro,Sunset Point,AT12-2-5,Holocene_bulk,3,1898.814,960.033,Engraulidae
Caribbean,Bocas del Toro,Sunset Point,AT12-2-5,Holocene_bulk,4,1983.852,1039.297,Engraulidae
Caribbean,Bocas del Toro,Sunset Point,AT12-2-5,Holocene_bulk,5,1972.282,1073.256,Engraulidae
Caribbean,Bocas del Toro,Sunset Point,AT12-2-5,Holocene_bulk,6,2177.565,1170.682,Engraulidae
Caribbean,Bocas del Toro,Sunset Point,AT12-2-5,Holocene_bulk,7,1989.873,1086.989,Engraulidae
Caribbean,Bocas del Toro,Sunset Point,AT12-2-5,Holocene_bulk,8,1973.708,1014.597,Engraulidae
Caribbean,Bocas del Toro,Sunset Point,AT12-2-5,Holocene_bulk,9,2051.642,1033.306,Engraulidae
Caribbean,Bocas del Toro,Sunset Point,AT12-2-5,Holocene_bulk,10,1741.871,931.551,Engraulidae
Caribbean,Bocas del Toro,Sunset Point,AT12-2-5,Holocene_bulk,11,1900.555,1054.673,Engraulidae
Caribbean,Bocas del Toro,Sunset Point,AT12-2-5,Holocene_bulk,12,2087.086,1080.321,Engraulidae
Caribbean,Bocas del Toro,Sunset Point,AT12-2-5,Holocene_bulk,13,2331.986,1225.129,Engraulidae
Caribbean,Bocas del Toro,Sunset Point,AT12-2-5,Holocene_bulk,14,2111.447,1096.065,Engraulidae
Caribbean,Bocas del Toro,Sunset Point,AT12-2-5,Holocene_bulk,15,2114.533,1096.052,Engraulidae
Caribbean,Bocas del Toro,Sunset Point,AT12-2-5,Holocene_bulk,16,2036.655,1102.753,Engraulidae
Caribbean,Bocas del Toro,Sunset Point,AT12-2-5,Holocene_bulk,1,N/A,872.575,Engraulidae
Caribbean,Bocas del Toro,Sunset Point,AT12-2-5,Holocene_bulk,2,1777.083,960.104,Engraulidae
Caribbean,Bocas del Toro,Sunset Point,AT12-2-5,Holocene_bulk,3,1474.498,802.79,Engraulidae
Caribbean,Bocas del Toro,Sunset Point,AT12-2-5,Holocene_bulk,4,1584.148,928.493,Engraulidae
Caribbean,Bocas del Toro,Sunset Point,AT12-2-5,Holocene_bulk,5,1779.412,955.258,Engraulidae
Caribbean,Bocas del Toro,Sunset Point,AT12-2-5,Holocene_bulk,1,1623.73,973.332,Engraulidae
Caribbean,Bocas del Toro,Sunset Point,AT12-2-5,Holocene_bulk,2,1209.843,761.805,Engraulidae
Caribbean,Bocas del Toro,Sunset Point,AT12-2-5,Holocene_bulk,3,1349.69,855.327,Engraulidae
Caribbean,Bocas del Toro,Sunset Point,AT12-2-5,Holocene_bulk,4,1349.919,850.852,Engraulidae
Caribbean,Bocas del Toro,Sunset Point,AT12-2-5,Holocene_bulk,5,1772.454,1262.671,Engraulidae
Caribbean,Bocas del Toro,Sunset Point,AT12-2-5,Holocene_bulk,6,N/A,925.214,Engraulidae
Caribbean,Bocas del Toro,Sunset Point,AT12-2-6,Holocene_bulk,1,1272.001,790.585,Engraulidae
Caribbean,Bocas del Toro,Sunset Point,AT12-2-6,Holocene_bulk,2,1259.207,800.567,Engraulidae
Caribbean,Bocas del Toro,Sunset Point,AT12-2-6,Holocene_bulk,3,N/A,915.338,Engraulidae
Caribbean,Bocas del Toro,Sunset Point,AT12-2-6,Holocene_bulk,4,1899.116,1056.928,Engraulidae
Caribbean,Bocas del Toro,Sunset Point,AT12-2-6,Holocene_bulk,5,1445.608,757.258,Engraulidae
Caribbean,Bocas del Toro,Sunset Point,AT12-2-7,Holocene_bulk,1,1561.498,890.246,Engraulidae
Caribbean,Bocas del Toro,Sunset Point,AT12-2-7,Holocene_bulk,2,1143.347,756.55,Engraulidae
Caribbean,Bocas del Toro,Sunset Point,AT12-2-7,Holocene_bulk,3,1505.514,941.672,Engraulidae
Caribbean,Bocas del Toro,Sunset Point,AT12-2-7,Holocene_bulk,4,N/A,861.34,Engraulidae
Caribbean,Bocas del Toro,Sunset Point,AT12-2-7,Holocene_bulk,5,1788.069,987.546,Engraulidae
Caribbean,Bocas del Toro,Sunset Point,AT12-2-7,Holocene_bulk,6,2263.594,1213.733,Engraulidae
Caribbean,Bocas del Toro,Sunset Point,AT12-2-9,Holocene_bulk,1,2022.151,1129.658,Engraulidae
Caribbean,Bocas del Toro,Punta Caracol,AT13-10-2-1,modern_bulk,1,2031.355,1203.849,Engraulidae
Caribbean,Bocas del Toro,Punta Caracol,AT13-10-2-1,modern_bulk,2,1976.486,1118.303,Engraulidae
Caribbean,Bocas del Toro,Punta Caracol,AT13-10-2-1,modern_bulk,3,1408.611,979.1,Engraulidae
Caribbean,Bocas del Toro,Punta Caracol,AT13-10-2-2,modern_bulk,1,1894.731,1165.887,Engraulidae
Caribbean,Bocas del Toro,Punta Caracol,AT13-10-2-2,modern_bulk,2,1677.8,953.016,Engraulidae
Caribbean,Bocas del Toro,Punta Caracol,AT13-10-3-1,modern_bulk,1,1667.804,941.796,Engraulidae
Caribbean,Bocas del Toro,Punta Caracol,AT13-10-3-1,modern_bulk,2,2130.789,1087.213,Engraulidae
Caribbean,Bocas del Toro,Punta Caracol,AT13-10-3-1,modern_bulk,3,2137.751,1077.926,Engraulidae
Caribbean,Bocas del Toro,Punta Caracol,AT13-10-3-1,modern_bulk,4,2075.566,1332.103,Engraulidae
Caribbean,Bocas del Toro,Punta Caracol,AT13-10-3-1,modern_bulk,5,1951.156,1212.904,Engraulidae
Caribbean,Bocas del Toro,Punta Caracol,AT13-10-3-2,modern_bulk,1,1779.899,982.585,Engraulidae
Caribbean,Bocas del Toro,Punta Caracol,AT13-10-3-2,modern_bulk,2,2086.49,1157.225,Engraulidae
Caribbean,Bocas del Toro,Punta Caracol,AT13-10-3-2,modern_bulk,3,2108.215,1119.026,Engraulidae
Caribbean,Bocas del Toro,Punta Caracol,AT13-10-3-2,modern_bulk,4,1898.25,1064.89,Engraulidae
Caribbean,Bocas del Toro,Punta Caracol,AT13-10-3-2,modern_bulk,5,N/A,971.816,Engraulidae
Caribbean,Bocas del Toro,Punta Caracol,AT13-10-3-2,modern_bulk,6,N/A,651.766,Engraulidae
Caribbean,Bocas del Toro,Punta Caracol,AT13-10-3-2,modern_bulk,7,N/A,1040.276,Engraulidae
Caribbean,Bocas del Toro,Punta Caracol,AT13-10-3-2,modern_bulk,8,1713.715,975.306,Engraulidae
Caribbean,Bocas del Toro,Punta Caracol,AT13-10-4-1,modern_bulk,1,N/A,1414.519,Engraulidae
Caribbean,Bocas del Toro,Punta Caracol,AT13-10-4-1,modern_bulk,2,2351.399,1413.663,Engraulidae
Caribbean,Bocas del Toro,Punta Caracol,AT13-10-4-1,modern_bulk,3,1974.368,1180.82,Engraulidae
Caribbean,Bocas del Toro,Punta Caracol,AT13-10-4-1,modern_bulk,4,2014.306,1097.902,Engraulidae
Caribbean,Bocas del Toro,Punta Caracol,AT13-10-4-1,modern_bulk,5,2404.54,1454.064,Engraulidae
Caribbean,Bocas del Toro,Punta Caracol,AT13-10-4-1,modern_bulk,6,N/A,1118.179,Engraulidae
Caribbean,Bocas del Toro,Punta Caracol,AT13-10-4-1,modern_bulk,7,1815.801,1054.041,Engraulidae
Caribbean,Bocas del Toro,Punta Caracol,AT13-10-4-2,modern_bulk,1,1999.34,1160.037,Engraulidae
Caribbean,Bocas del Toro,Punta Caracol,AT13-10-4-2,modern_bulk,2,1580.916,1125.299,Engraulidae
Caribbean,Bocas del Toro,Punta Caracol,AT13-10-5-1,modern_bulk,1,1700.88,978.482,Engraulidae
Caribbean,Bocas del Toro,Punta Caracol,AT13-10-5-1,modern_bulk,2,1587.809,1072.859,Engraulidae
Caribbean,Bocas del Toro,Punta Caracol,AT13-10-5-1,modern_bulk,3,1859.332,1050.649,Engraulidae
Caribbean,Bocas del Toro,Punta Caracol,AT13-10-5-1,modern_bulk,4,1576.419,869.372,Engraulidae
Caribbean,Bocas del Toro,Punta Caracol,AT13-10-5-1,modern_bulk,5,2003.52,1014.243,Engraulidae
Caribbean,Bocas del Toro,Punta Caracol,AT13-10-5-2,modern_bulk,1,2071.485,1261.484,Engraulidae
Caribbean,Bocas del Toro,Punta Caracol,AT13-10-5-2,modern_bulk,2,1817.354,1082.116,Engraulidae
Caribbean,Bocas del Toro,Punta Caracol,AT13-10-5-2,modern_bulk,3,2268.641,1365.017,Engraulidae
Caribbean,Bocas del Toro,Punta Caracol,AT13-10-5-2,modern_bulk,4,2020.175,1097.388,Engraulidae
Caribbean,Bocas del Toro,Punta Caracol,AT13-10-5-2,modern_bulk,5,1732.067,980.196,Engraulidae
Caribbean,Bocas del Toro,Punta Caracol,AT13-10-5-2,modern_bulk,6,1857.492,982.93,Engraulidae
Caribbean,Bocas del Toro,Punta Caracol,AT13-10-4-2,modern_bulk,7,2335.86,1388.594,Engraulidae
Caribbean,Bocas del Toro,Crawl Cay,AT13-11-2-1,modern_bulk,1,1800.437,977.386,Engraulidae
Caribbean,Bocas del Toro,Crawl Cay,AT13-11-2-1,modern_bulk,2,NA,851.911,Engraulidae
Caribbean,Bocas del Toro,Crawl Cay,AT13-11-3-1,modern_bulk,3,1655.831,1029.02,Engraulidae
Caribbean,Bocas del Toro,Crawl Cay,AT13-11-3-1,modern_bulk,4,1789.207,985.242,Engraulidae
Caribbean,Bocas del Toro,Crawl Cay,AT13-11-3-1,modern_bulk,5,2060.219,1333.066,Engraulidae
Caribbean,Bocas del Toro,Casa Blanca,AT13-12-1-2,modern_bulk,1,N/A,1098.812,Engraulidae
Caribbean,Bocas del Toro,Casa Blanca,AT13-12-1-2,modern_bulk,2,1335.447,860.388,Engraulidae
Caribbean,Bocas del Toro,Casa Blanca,AT13-12-1-2,modern_bulk,3,1226.727,873.179,Engraulidae
Caribbean,Bocas del Toro,Casa Blanca,AT13-12-1-2,modern_bulk,4,1317.866,771.952,Engraulidae
Caribbean,Bocas del Toro,Casa Blanca,AT13-12-1-2,modern_bulk,5,N/A,909.583,Engraulidae
Caribbean,Bocas del Toro,Casa Blanca,AT13-12-1-2,modern_bulk,6,2027.848,1096.754,Engraulidae
Caribbean,Bocas del Toro,Casa Blanca,AT13-12-1-2,modern_bulk,7,1767.888,958.349,Engraulidae
Caribbean,Bocas del Toro,Casa Blanca,AT13-12-1-2,modern_bulk,8,2215.436,1105.198,Engraulidae
Caribbean,Bocas del Toro,Casa Blanca,AT13-12-1-1,modern_bulk,1,N/A,1103.583,Engraulidae
Caribbean,Bocas del Toro,Casa Blanca,AT13-12-1-1,modern_bulk,2,1386.182,801.125,Engraulidae
Caribbean,Bocas del Toro,Casa Blanca,AT13-12-1-1,modern_bulk,3,1776.321,1135.286,Engraulidae
Caribbean,Bocas del Toro,Casa Blanca,AT13-12-1-1,modern_bulk,4,1569.694,941.382,Engraulidae
Caribbean,Bocas del Toro,Casa Blanca,AT13-12-1-1,modern_bulk,5,2087.634,1297.206,Engraulidae
Caribbean,Bocas del Toro,Casa Blanca,AT13-12-2-1,modern_bulk,1,N/A,1050.704,Engraulidae
Caribbean,Bocas del Toro,Casa Blanca,AT13-12-2-1,modern_bulk,2,N/A,1047.758,Engraulidae
Caribbean,Bocas del Toro,Casa Blanca,AT13-12-2-1,modern_bulk,3,2108.336,1284.772,Engraulidae
Caribbean,Bocas del Toro,Casa Blanca,AT13-12-2-1,modern_bulk,4,2417.324,1413.787,Engraulidae
Caribbean,Bocas del Toro,Casa Blanca,AT13-12-2-1,modern_bulk,5,2009.309,1068.533,Engraulidae
Caribbean,Bocas del Toro,Casa Blanca,AT13-12-2-1,modern_bulk,6,1853.853,1004.977,Engraulidae
Caribbean,Bocas del Toro,Casa Blanca,AT13-12-2-1,modern_bulk,7,1984.92,1095.221,Engraulidae
Caribbean,Bocas del Toro,Casa Blanca,AT13-12-2-2,modern_bulk,1,N/A,892.59,Engraulidae
Caribbean,Bocas del Toro,Casa Blanca,AT13-12-2-2,modern_bulk,2,2218.012,1311.381,Engraulidae
Caribbean,Bocas del Toro,Casa Blanca,AT13-12-2-2,modern_bulk,3,1711.651,962.69,Engraulidae
Caribbean,Bocas del Toro,Casa Blanca,AT13-12-2-2,modern_bulk,4,2352.568,1357.65,Engraulidae
Caribbean,Bocas del Toro,Casa Blanca,AT13-12-2-2,modern_bulk,5,2048.828,1226.465,Engraulidae
Caribbean,Bocas del Toro,Casa Blanca,AT13-12-2-2,modern_bulk,6,2067.201,1124.203,Engraulidae
Caribbean,Bocas del Toro,Casa Blanca,AT13-12-2-2,modern_bulk,7,2268.693,1187.434,Engraulidae
Caribbean,Bocas del Toro,Casa Blanca,AT13-12-2-2,modern_bulk,8,2071.118,1058.193,Engraulidae
Caribbean,Bocas del Toro,Casa Blanca,AT13-12-2-2,modern_bulk,9,1500.41,859.058,Engraulidae
Caribbean,Bocas del Toro,Casa Blanca,AT13-12-2-2,modern_bulk,10,1625.594,1080.363,Engraulidae
Caribbean,Bocas del Toro,Casa Blanca,AT13-12-2-2,modern_bulk,11,2037.16,1317.899,Engraulidae
Caribbean,Bocas del Toro,Casa Blanca,AT13-12-3-1,modern_bulk,1,2146.716,1260.246,Engraulidae
Caribbean,Bocas del Toro,Casa Blanca,AT13-12-3-1,modern_bulk,2,1504.588,950.462,Engraulidae
Caribbean,Bocas del Toro,Casa Blanca,AT13-12-3-1,modern_bulk,3,1894.103,1098.365,Engraulidae
Caribbean,Bocas del Toro,Casa Blanca,AT13-12-3-1,modern_bulk,4,1864.829,1057.322,Engraulidae
Caribbean,Bocas del Toro,Casa Blanca,AT13-12-3-1,modern_bulk,5,1727.241,1011.784,Engraulidae
Caribbean,Bocas del Toro,Casa Blanca,AT13-12-3-1,modern_bulk,6,1684.669,964.392,Engraulidae
Caribbean,Bocas del Toro,Casa Blanca,AT13-12-3-1,modern_bulk,7,1697.48,916.464,Engraulidae
Caribbean,Bocas del Toro,Casa Blanca,AT13-12-3-1,modern_bulk,8,2281.393,1429.042,Engraulidae
Caribbean,Bocas del Toro,Casa Blanca,AT13-12-3-1,modern_bulk,9,1023.819,732.446,Engraulidae
Caribbean,Bocas del Toro,Casa Blanca,AT13-12-3-1,modern_bulk,10,1639.185,1170.481,Engraulidae
Caribbean,Bocas del Toro,Casa Blanca,AT13-12-3-2,modern_bulk,1,2069.221,1215.587,Engraulidae
Caribbean,Bocas del Toro,Casa Blanca,AT13-12-3-2,modern_bulk,2,N/A,1101.904,Engraulidae
Caribbean,Bocas del Toro,Casa Blanca,AT13-12-3-2,modern_bulk,3,N/A,999.853,Engraulidae
Caribbean,Bocas del Toro,Casa Blanca,AT13-12-3-2,modern_bulk,4,1950.132,1192.693,Engraulidae
Caribbean,Bocas del Toro,Casa Blanca,AT13-12-3-2,modern_bulk,5,2305.412,1380.978,Engraulidae
Caribbean,Bocas del Toro,Casa Blanca,AT13-12-3-2,modern_bulk,6,2067.663,1064.454,Engraulidae
Caribbean,Bocas del Toro,Casa Blanca,AT13-12-3-2,modern_bulk,7,1943.422,1078.044,Engraulidae
Caribbean,Bocas del Toro,Casa Blanca,AT13-12-3-2,modern_bulk,8,1755.554,1150.488,Engraulidae
Caribbean,Bocas del Toro,Casa Blanca,AT13-12-3-2,modern_bulk,9,1245.075,854.656,Engraulidae
Caribbean,Bocas del Toro,Casa Blanca,AT13-12-3-2,modern_bulk,10,1486.623,1036.968,Engraulidae
Caribbean,Bocas del Toro,Casa Blanca,AT13-12-3-2,modern_bulk,11,1714.72,1132.921,Engraulidae
Caribbean,Bocas del Toro,Casa Blanca,AT13-12-3-2,modern_bulk,12,2261.017,1446.834,Engraulidae
Caribbean,Bocas del Toro,Sweet Bocas Trench 1,AT13-2-8,Holocene_bulk,1,2013.23,1033.985,Engraulidae
Caribbean,Bocas del Toro,Sweet Bocas Trench 2,AT13-3-12,Holocene_bulk,2,1818.105,1076.076,Engraulidae
Caribbean,Bocas del Toro,Sweet Bocas Trench 2,AT13-3-13,Holocene_bulk,3,N/A,1083.064,Engraulidae
Caribbean,Bocas del Toro,Sweet Bocas Trench 2,AT13-3-13,Holocene_bulk,4,2136.276,1223.743,Engraulidae
Caribbean,Bocas del Toro,Sweet Bocas Trench 2,AT13-3-13,Holocene_bulk,5,1724.678,913.219,Engraulidae
Caribbean,Bocas del Toro,Sweet Bocas Trench 2,AT13-3-10,Holocene_bulk,1,1710.118,999.89,Engraulidae
Caribbean,Bocas del Toro,Sweet Bocas Trench 2,AT13-3-10,Holocene_bulk,2,1267.088,700.953,Engraulidae
Caribbean,Bocas del Toro,Sweet Bocas Trench 2,AT13-3-10,Holocene_bulk,3,NA,1086.304,Engraulidae
Caribbean,Bocas del Toro,Sweet Bocas Trench 2,AT13-3-10,Holocene_bulk,4,1750.915,969.187,Engraulidae
Caribbean,Bocas del Toro,Sweet Bocas Trench 2,AT13-3-10,Holocene_bulk,5,1955.219,1028.859,Engraulidae
Caribbean,Bocas del Toro,Sweet Bocas Trench 2,AT13-3-14,Holocene_bulk,1,NA,993.993,Engraulidae
Caribbean,Bocas del Toro,Sweet Bocas Trench 2,AT13-3-14,Holocene_bulk,2,2015.292,1105.558,Engraulidae
Caribbean,Bocas del Toro,Sweet Bocas Trench 2,AT13-3-14,Holocene_bulk,3,1443.525,841.191,Engraulidae
Caribbean,Bocas del Toro,Sweet Bocas Trench 3,AT13-4-4,Holocene_bulk,1,2220.721,1208.667,Engraulidae
Caribbean,Bocas del Toro,Sweet Bocas Trench 3,AT13-4-5,Holocene_bulk,2,2152.548,1204.989,Engraulidae
Caribbean,Bocas del Toro,Sweet Bocas Trench 5,AT13-6-1,Holocene_bulk,3,2036.396,1130.57,Engraulidae
Caribbean,Bocas del Toro,Sweet Bocas Trench 5,AT13-6-1,Holocene_bulk,4,2771.021,1609.746,Engraulidae
Caribbean,Bocas del Toro,Sweet Bocas Trench 5,AT13-6-2,Holocene_bulk,1,NA,1136.696,Engraulidae
Caribbean,Bocas del Toro,Sweet Bocas Trench 5,AT13-6-3,Holocene_bulk,2,2112.271,1118.076,Engraulidae
Caribbean,Bocas del Toro,Sweet Bocas Trench 5,AT13-6-3,Holocene_bulk,3,2123.442,1121.523,Engraulidae
Caribbean,Bocas del Toro,Sweet Bocas Trench 5,AT13-6-3,Holocene_bulk,4,2202.066,1215.303,Engraulidae
Caribbean,Bocas del Toro,Sweet Bocas Trench 7,AT13-8-2,Holocene_bulk,5,1740.157,1110.691,Engraulidae
Caribbean,Bocas del Toro,Sweet Bocas Trench 7,AT13-8-2,Holocene_bulk,6,1970.163,1091.371,Engraulidae
Caribbean,Bocas del Toro,Casa Blanca,AT13-12-4-1,modern_bulk,1,1890.584,1140.042,Engraulidae
Caribbean,Bocas del Toro,Casa Blanca,AT13-12-4-1,modern_bulk,2,1467.532,849.345,Engraulidae
Caribbean,Bocas del Toro,Casa Blanca,AT13-12-4-1,modern_bulk,3,1508.586,980.916,Engraulidae
Caribbean,Bocas del Toro,Casa Blanca,AT13-12-4-1,modern_bulk,4,NA,1159.275,Engraulidae
Caribbean,Bocas del Toro,Casa Blanca,AT13-12-4-1,modern_bulk,5,2437.5,1425.739,Engraulidae
Caribbean,Bocas del Toro,Casa Blanca,AT13-12-4-1,modern_bulk,6,1772.849,1131.048,Engraulidae
Caribbean,Bocas del Toro,Casa Blanca,AT13-12-4-1,modern_bulk,7,2351.164,1417.635,Engraulidae
Caribbean,Bocas del Toro,Casa Blanca,AT13-12-4-1,modern_bulk,8,2419.234,1411.497,Engraulidae
Caribbean,Bocas del Toro,Casa Blanca,AT13-12-4-1,modern_bulk,9,2092.07,1303.763,Engraulidae
Caribbean,Bocas del Toro,Casa Blanca,AT13-12-4-1,modern_bulk,10,1944.284,1076.554,Engraulidae
Caribbean,Bocas del Toro,Casa Blanca,AT13-12-4-1,modern_bulk,11,1786.894,986.965,Engraulidae
Caribbean,Bocas del Toro,Casa Blanca,AT13-12-4-1,modern_bulk,12,2126.974,1388.906,Engraulidae
Caribbean,Bocas del Toro,Casa Blanca,AT13-12-4-1,modern_bulk,13,2205.645,1415.994,Engraulidae
Caribbean,Bocas del Toro,Casa Blanca,AT13-12-4-2,modern_bulk,1,1576.81,1019.248,Engraulidae
Caribbean,Bocas del Toro,Casa Blanca,AT13-12-4-2,modern_bulk,2,1749.607,1009.79,Engraulidae
Caribbean,Bocas del Toro,Casa Blanca,AT13-12-4-2,modern_bulk,3,1831.265,1118.663,Engraulidae
Caribbean,Bocas del Toro,Casa Blanca,AT13-12-4-2,modern_bulk,4,2237.943,1310.055,Engraulidae
Caribbean,Bocas del Toro,Casa Blanca,AT13-12-4-2,modern_bulk,5,1793.583,1129.991,Engraulidae
Caribbean,Bocas del Toro,Casa Blanca,AT13-12-4-2,modern_bulk,6,2142.946,1142.09,Engraulidae
Caribbean,Bocas del Toro,Casa Blanca,AT13-12-4-2,modern_bulk,7,2061.843,1016.759,Engraulidae
Caribbean,Bocas del Toro,Casa Blanca,AT13-12-4-2,modern_bulk,8,1933.835,981.793,Engraulidae
Caribbean,Bocas del Toro,Casa Blanca,AT13-12-4-2,modern_bulk,9,2396.632,1589.244,Engraulidae
Caribbean,Bocas del Toro,Sweet Bocas Trench 8,AT13-9-2,Holocene_bulk,1,1574.654,1067.683,Engraulidae
Caribbean,Bocas del Toro,Sweet Bocas Trench 8,AT13-9-2,Holocene_bulk,2,NA,1194.862,Engraulidae
Caribbean,Bocas del Toro,Sweet Bocas Trench 8,AT13-9-2,Holocene_bulk,3,1897.142,984.938,Engraulidae
Caribbean,Bocas del Toro,Sweet Bocas Trench 8,AT13-9-2,Holocene_bulk,4,1173.898,851.464,Engraulidae
Caribbean,Bocas del Toro,Casa Blanca new,AT14-1-1,modern_bulk,1,1514.528,818.253,Engraulidae
Caribbean,Bocas del Toro,Casa Blanca new,AT14-1-1,modern_bulk,2,1170.796,800.216,Engraulidae
Caribbean,Bocas del Toro,Casa Blanca new,AT14-1-1,modern_bulk,3,2050.926,1256.06,Engraulidae
Caribbean,Bocas del Toro,Casa Blanca new,AT14-1-1,modern_bulk,4,1547.883,872.983,Engraulidae
Caribbean,Bocas del Toro,Casa Blanca new,AT14-1-1,modern_bulk,5,1816.188,1222.819,Engraulidae
Caribbean,Bocas del Toro,Casa Blanca new,AT14-1-1,modern_bulk,6,1853.334,1011.131,Engraulidae
Caribbean,Bocas del Toro,Casa Blanca new,AT14-1-1,modern_bulk,7,2988.191,1723.96,Engraulidae
Caribbean,Bocas del Toro,Casa Blanca new,AT14-1-1,modern_bulk,8,1807.547,1161.52,Engraulidae
Caribbean,Bocas del Toro,Casa Blanca new,AT14-1-3,modern_bulk,1,1314.927,803.145,Engraulidae
Caribbean,Bocas del Toro,Casa Blanca new,AT14-1-3,modern_bulk,2,1702.775,1005.151,Engraulidae
Caribbean,Bocas del Toro,Casa Blanca new,AT14-1-3,modern_bulk,3,1799.56,1013.59,Engraulidae
Caribbean,Bocas del Toro,Casa Blanca new,AT14-1-3,modern_bulk,4,NA,1783.728,Engraulidae
Caribbean,Bocas del Toro,Casa Blanca new,AT14-1-3,modern_bulk,5,1077.205,1946.221,Engraulidae
Caribbean,Bocas del Toro,Casa Blanca new,AT14-1-3,modern_bulk,6,1165.781,1521.468,Engraulidae
Caribbean,Bocas del Toro,Casa Blanca new,AT14-1-3,modern_bulk,7,1030.905,2170.19,Engraulidae
Caribbean,Bocas del Toro,Casa Blanca new,AT14-1-3,modern_bulk,8,1328.058,1932.892,Engraulidae
Caribbean,Bocas del Toro,Casa Blanca new,AT14-1-5,modern_bulk,1,1638.326,971.31,Engraulidae
Caribbean,Bocas del Toro,Casa Blanca new,AT14-1-5,modern_bulk,2,2156.096,1367.934,Engraulidae
Caribbean,Bocas del Toro,Casa Blanca new,AT14-1-5,modern_bulk,3,2048.577,1297.99,Engraulidae
Caribbean,Bocas del Toro,Sweet Bocas SE Face,AT14-10-3,Holocene_bulk,4,2008.566,1174.605,Engraulidae
Caribbean,Bocas del Toro,Sweet Bocas SE Face,AT14-10-3,Holocene_bulk,5,2599.98,1575.834,Engraulidae
Caribbean,Bocas del Toro,Casa Blanca new,AT14-1-8,modern_bulk,1,NA,1060.676,Engraulidae
Caribbean,Bocas del Toro,Casa Blanca new,AT14-1-8,modern_bulk,2,1631.733,846.579,Engraulidae
Caribbean,Bocas del Toro,Casa Blanca new,AT14-1-8,modern_bulk,3,1578.56,918.603,Engraulidae
Caribbean,Bocas del Toro,Casa Blanca new,AT14-1-8,modern_bulk,4,2054.433,1081.516,Engraulidae
Caribbean,Bocas del Toro,Casa Blanca new,AT14-1-8,modern_bulk,5,1863.894,1049.521,Engraulidae
Caribbean,Bocas del Toro,Sweet Bocas SE Face,AT14-10-2,Holocene_bulk,6,1701.779,935.027,Engraulidae
Caribbean,Bocas del Toro,Casa Blanca new,AT14-1-7,modern_bulk,1,1473.121,1039.815,Engraulidae
Caribbean,Bocas del Toro,Casa Blanca new,AT14-1-7,modern_bulk,2,1186.351,827.258,Engraulidae
Caribbean,Bocas del Toro,Casa Blanca new,AT14-1-7,modern_bulk,3,1473.242,1002.964,Engraulidae
Caribbean,Bocas del Toro,Casa Blanca new,AT14-1-7,modern_bulk,4,1627.115,889.963,Engraulidae
Caribbean,Bocas del Toro,Casa Blanca new,AT14-1-7,modern_bulk,5,1163.972,769.668,Engraulidae
Caribbean,Bocas del Toro,Casa Blanca new,AT14-1-7,modern_bulk,6,1997.909,1301.301,Engraulidae
Caribbean,Bocas del Toro,Casa Blanca new,AT14-1-7,modern_bulk,7,1920.63,1.077.752,Engraulidae
Caribbean,Bocas del Toro,Casa Blanca new,AT14-1-7,modern_bulk,8,NA,1165.452,Engraulidae
Caribbean,Bocas del Toro,Casa Blanca new,AT14-1-7,modern_bulk,9,2027.128,1055.984,Engraulidae
Caribbean,Bocas del Toro,Casa Blanca new,AT14-1-7,modern_bulk,10,1707.455,987.998,Engraulidae
Caribbean,Bocas del Toro,Punta Donato,AT14-2-1,modern_bulk,1,1967.888,1250.415,Engraulidae
Caribbean,Bocas del Toro,Punta Donato,AT14-2-1,modern_bulk,2,NA,1170.917,Engraulidae
Caribbean,Bocas del Toro,Punta Donato,AT14-2-1,modern_bulk,3,2041.452,1205.502,Engraulidae
Caribbean,Bocas del Toro,Punta Donato,AT14-2-1,modern_bulk,4,2076.716,1354.069,Engraulidae
Caribbean,Bocas del Toro,Punta Donato,AT14-2-1,modern_bulk,5,1547.892,1077.284,Engraulidae
Caribbean,Bocas del Toro,Punta Donato,AT14-2-4,modern_bulk,6,1360.227,906.818,Engraulidae
Caribbean,Bocas del Toro,Punta Donato,AT14-2-4,modern_bulk,7,1016.558,769.737,Engraulidae
Caribbean,Bocas del Toro,Punta Donato,AT14-2-4,modern_bulk,8,1145.475,798.839,Engraulidae
Caribbean,Bocas del Toro,Punta Donato,AT14-2-4,modern_bulk,9,1600.759,1067.877,Engraulidae
Caribbean,Bocas del Toro,Cayo Adriana,AT14-3-2,modern_bulk,1,2097.747,1303.508,Engraulidae
Caribbean,Bocas del Toro,Cayo Adriana,AT14-3-4,modern_bulk,2,2128.592,1376.335,Engraulidae
Caribbean,Bocas del Toro,Cayo Adriana,AT14-3-4,modern_bulk,3,2338.548,1441.765,Engraulidae
Caribbean,Bocas del Toro,Cayo Adriana,AT14-3-4,modern_bulk,4,1987.739,1259.246,Engraulidae
Caribbean,Bocas del Toro,Cayo Adriana,AT14-3-6,modern_bulk,5,NA,1389.55,Engraulidae
Caribbean,Bocas del Toro,Cayo Adriana,AT14-3-6,modern_bulk,6,1929.135,1308.235,Engraulidae
Caribbean,Bocas del Toro,Cayo Adriana,AT14-3-5,modern_bulk,1,2073.541,1421.91,Engraulidae
Caribbean,Bocas del Toro,Cayo Adriana,AT14-3-5,modern_bulk,2,1556.097,1039.909,Engraulidae
Caribbean,Bocas del Toro,Cayo Adriana,AT14-3-5,modern_bulk,3,2128.832,1147.517,Engraulidae
Caribbean,Bocas del Toro,Sweet Bocas SE Face,AT14-5-2,Holocene_bulk,4,2075.355,1112.131,Engraulidae
Caribbean,Bocas del Toro,Sweet Bocas SE Face,AT14-5-3,Holocene_bulk,1,1979.664,1162.661,Engraulidae
Caribbean,Bocas del Toro,Sweet Bocas SE Face,AT14-6-1,Holocene_bulk,2,NA,773.825,Engraulidae
Caribbean,Bocas del Toro,Sweet Bocas SE Face,AT14-6-1,Holocene_bulk,3,1413.937,799.099,Engraulidae
Caribbean,Bocas del Toro,Sweet Bocas SE Face,AT14-6-1,Holocene_bulk,4,1772.419,914.852,Engraulidae
Caribbean,Bocas del Toro,Sweet Bocas SE Face,AT14-6-1,Holocene_bulk,5,2039.74,1093.872,Engraulidae
Caribbean,Bocas del Toro,Sweet Bocas SE Face,AT14-6-2,Holocene_bulk,1,2120.475,1107.82,Engraulidae
Caribbean,Bocas del Toro,Sweet Bocas SE Face,AT14-6-3,Holocene_bulk,2,1285.174,821.308,Engraulidae
Caribbean,Bocas del Toro,Sweet Bocas SE Face,AT14-7-3,Holocene_bulk,3,1372.269,806.994,Engraulidae
Caribbean,Bocas del Toro,Sweet Bocas SE Face,AT14-7-3,Holocene_bulk,4,1700.274,912.983,Engraulidae
Caribbean,Bocas del Toro,Sweet Bocas SE Face,AT14-9-2,Holocene_bulk,5,1736.238,985.359,Engraulidae
Caribbean,Bocas del Toro,Sweet Bocas SE Face,AT14-9-3,Holocene_bulk,6,2001.41,1089.472,Engraulidae
Caribbean,Bocas del Toro,Sunset Point,AT12-2-5,Holocene_bulk,1,1217.947,1110.402,Gobiidae
Caribbean,Bocas del Toro,Sunset Point,AT12-2-5,Holocene_bulk,2,1121.156,1002.857,Gobiidae
Caribbean,Bocas del Toro,Sunset Point,AT12-2-5,Holocene_bulk,3,1083.515,1101.328,Gobiidae
Caribbean,Bocas del Toro,Sunset Point,AT12-2-5,Holocene_bulk,4,803.215,1035.016,Gobiidae
Caribbean,Bocas del Toro,Sunset Point,AT12-2-5,Holocene_bulk,5,NA,970.017,Gobiidae
Caribbean,Bocas del Toro,Sunset Point,AT12-2-5,Holocene_bulk,6,754.159,748.11,Gobiidae
Caribbean,Bocas del Toro,Sunset Point,AT12-2-5,Holocene_bulk,7,NA,1035.314,Gobiidae
Caribbean,Bocas del Toro,Sunset Point,AT12-2-10,Holocene_bulk,1,1411.233,1296.154,Gobiidae
Caribbean,Bocas del Toro,Sunset Point,AT12-2-6,Holocene_bulk,2,1270.525,1305.518,Gobiidae
Caribbean,Bocas del Toro,Sunset Point,AT12-2-6,Holocene_bulk,3,1009.421,975.109,Gobiidae
Caribbean,Bocas del Toro,Sunset Point,AT12-2-6,Holocene_bulk,4,975.109,987.726,Gobiidae
Caribbean,Bocas del Toro,Sunset Point,AT12-2-6,Holocene_bulk,5,1128.141,1405.114,Gobiidae
Caribbean,Bocas del Toro,Sunset Point,AT12-2-6,Holocene_bulk,6,845.685,940.8,Gobiidae
Caribbean,Bocas del Toro,Sunset Point,AT12-2-9,Holocene_bulk,1,1409.134,1286.277,Gobiidae
Caribbean,Bocas del Toro,Sunset Point,AT12-2-7,Holocene_bulk,2,"929,293",810.815,Gobiidae
Caribbean,Bocas del Toro,Sunset Point,AT12-2-7,Holocene_bulk,3,1313.131,1200,Gobiidae
Caribbean,Bocas del Toro,Sunset Point,AT12-2-7,Holocene_bulk,4,727.941,827.111,Gobiidae
Caribbean,Bocas del Toro,Sunset Point,AT12-2-7,Holocene_bulk,5,777.561,836.249,Gobiidae
Caribbean,Bocas del Toro,Sunset Point,AT12-2-7,Holocene_bulk,6,823.102,772.162,Gobiidae
Caribbean,Bocas del Toro,Sunset Point,AT12-2-7,Holocene_bulk,7,1591.919,1438.475,Gobiidae
Caribbean,Bocas del Toro,Sunset Point,AT12-2-7,Holocene_bulk,8,1155.556,1127.273,Gobiidae
Caribbean,Bocas del Toro,STRI Point,AT12-1-5-1,modern_bulk,1,1568.156,NA,Gobiidae
Caribbean,Bocas del Toro,STRI Point,AT12-1-5-1,modern_bulk,2,994.442,1002.527,Gobiidae
Caribbean,Bocas del Toro,STRI Point,AT12-1-5-1,modern_bulk,3,1059.121,1094.155,Gobiidae
Caribbean,Bocas del Toro,STRI Point,AT12-1-5-1,modern_bulk,4,1311.33,1264.665,Gobiidae
Caribbean,Bocas del Toro,STRI Point,AT12-1-5-1,modern_bulk,5,905.933,970.909,Gobiidae
Caribbean,Bocas del Toro,STRI Point,AT12-1-5-1,modern_bulk,6,661.47,624.404,Gobiidae
Caribbean,Bocas del Toro,STRI Point,AT12-1-5-1,modern_bulk,7,1251.834,1137.789,Gobiidae
Caribbean,Bocas del Toro,STRI Point,AT12-1-5-1,modern_bulk,8,1592.724,1487.62,Gobiidae
Caribbean,Bocas del Toro,STRI Point,AT12-1-5-1,modern_bulk,9,865.954,911.883,Gobiidae
Caribbean,Bocas del Toro,STRI Point,AT12-1-5-1,modern_bulk,10,1283.76,1242.659,Gobiidae
Caribbean,Bocas del Toro,Punta Caracol,AT13-10-1-1,modern_bulk,1,2478.003,2040.992,Gobiidae
Caribbean,Bocas del Toro,Punta Caracol,AT13-10-1-2,modern_bulk,2,1756.196,1640.305,Gobiidae
Caribbean,Bocas del Toro,Punta Caracol,AT13-10-1-2,modern_bulk,3,1218.703,1233.217,Gobiidae
Caribbean,Bocas del Toro,Punta Caracol,AT13-10-1-2,modern_bulk,4,1406.084,1388.395,Gobiidae
Caribbean,Bocas del Toro,Punta Caracol,AT13-10-1-2,modern_bulk,5,1312.385,1254.407,Gobiidae
Caribbean,Bocas del Toro,Punta Caracol,AT13-10-2-1,modern_bulk,1,1659.854,1529.558,Gobiidae
Caribbean,Bocas del Toro,Punta Caracol,AT13-10-2-1,modern_bulk,2,1330.478,1192.905,Gobiidae
Caribbean,Bocas del Toro,Punta Caracol,AT13-10-3-1,modern_bulk,3,810.466,953.961,Gobiidae
Caribbean,Bocas del Toro,Punta Caracol,AT13-10-3-1,modern_bulk,4,1715.874,1689.063,Gobiidae
Caribbean,Bocas del Toro,Punta Caracol,AT13-10-4-1,modern_bulk,1,1228.147,1058.205,Gobiidae
Caribbean,Bocas del Toro,Punta Caracol,AT13-10-4-1,modern_bulk,2,1149.058,1070.135,Gobiidae
Caribbean,Bocas del Toro,Punta Caracol,AT13-10-4-2,modern_bulk,3,897.574,989.218,Gobiidae
Caribbean,Bocas del Toro,Punta Caracol,AT13-10-4-2,modern_bulk,4,1358.491,1204.852,Gobiidae
Caribbean,Bocas del Toro,Punta Caracol,AT13-10-4-2,modern_bulk,5,714.286,832.884,Gobiidae
Caribbean,Bocas del Toro,Punta Caracol,AT13-10-2-2,modern_bulk,1,1355.361,1286.581,Gobiidae
Caribbean,Bocas del Toro,Punta Caracol,AT13-10-2-2,modern_bulk,2,962.913,958.867,Gobiidae
Caribbean,Bocas del Toro,Punta Caracol,AT13-10-3-2,modern_bulk,3,NA,1181.389,Gobiidae
Caribbean,Bocas del Toro,Punta Caracol,AT13-10-3-2,modern_bulk,4,1019.555,1197.572,Gobiidae
Caribbean,Bocas del Toro,Punta Caracol,AT13-10-5-1,modern_bulk,5,914.363,894.134,Gobiidae
Caribbean,Bocas del Toro,Punta Caracol,AT13-10-5-2,modern_bulk,6,1505.057,1343.223,Gobiidae
Caribbean,Bocas del Toro,Punta Caracol,AT13-10-5-2,modern_bulk,7,1227.242,1024.949,Gobiidae
Caribbean,Bocas del Toro,Crawl Cay,AT13-11-1-1,modern_bulk,1,1427.361,1212.84,Gobiidae
Caribbean,Bocas del Toro,Crawl Cay,AT13-11-2-1,modern_bulk,2,1027.683,1103.504,Gobiidae
Caribbean,Bocas del Toro,Crawl Cay,AT13-11-2-1,modern_bulk,3,725.075,761.181,Gobiidae
Caribbean,Bocas del Toro,Crawl Cay,AT13-11-2-1,modern_bulk,4,NA,NA,Gobiidae
Caribbean,Bocas del Toro,Crawl Cay,AT13-11-2-1,modern_bulk,5,784.683,854.552,Gobiidae
Caribbean,Bocas del Toro,Crawl Cay,AT13-11-2-1,modern_bulk,6,1459.187,1220.02,Gobiidae
Caribbean,Bocas del Toro,Crawl Cay,AT13-11-2-1,modern_bulk,7,1060.128,1297.951,Gobiidae
Caribbean,Bocas del Toro,Casa Blanca,AT13-12-1-1,modern_bulk,1,1983.871,1653.226,Gobiidae
Caribbean,Bocas del Toro,Casa Blanca,AT13-12-1-1,modern_bulk,2,1082.028,884.159,Gobiidae
Caribbean,Bocas del Toro,Casa Blanca,AT13-12-1-1,modern_bulk,3,1169.355,1177.419,Gobiidae
Caribbean,Bocas del Toro,Casa Blanca,AT13-12-1-1,modern_bulk,4,1363.356,1246.431,Gobiidae
Caribbean,Bocas del Toro,Casa Blanca,AT13-12-1-1,modern_bulk,5,717.742,766.129,Gobiidae
Caribbean,Bocas del Toro,Casa Blanca,AT13-12-1-1,modern_bulk,6,1556.452,1258.065,Gobiidae
Caribbean,Bocas del Toro,Casa Blanca,AT13-12-1-1,modern_bulk,7,1008.154,1049.686,Gobiidae
Caribbean,Bocas del Toro,Casa Blanca,AT13-12-1-1,modern_bulk,8,715.054,830.645,Gobiidae
Caribbean,Bocas del Toro,Casa Blanca,AT13-12-1-1,modern_bulk,9,951.613,931.452,Gobiidae
Caribbean,Bocas del Toro,Casa Blanca,AT13-12-1-1,modern_bulk,10,1403.145,1207.808,Gobiidae
Caribbean,Bocas del Toro,Casa Blanca,AT13-12-1-1,modern_bulk,11,837.555,872.246,Gobiidae
Caribbean,Bocas del Toro,Casa Blanca,AT13-12-1-1,modern_bulk,12,765.683,825.973,Gobiidae
Caribbean,Bocas del Toro,Casa Blanca,AT13-12-1-1,modern_bulk,13,1371.489,1398.723,Gobiidae
Caribbean,Bocas del Toro,Casa Blanca,AT13-12-1-1,modern_bulk,14,1167.469,1007.205,Gobiidae
Caribbean,Bocas del Toro,Casa Blanca,AT13-12-1-1,modern_bulk,15,883.469,946.679,Gobiidae
Caribbean,Bocas del Toro,Casa Blanca,AT13-12-1-1,modern_bulk,16,758.065,900.538,Gobiidae
Caribbean,Bocas del Toro,Casa Blanca,AT13-12-1-1,modern_bulk,17,NA,NA,Gobiidae
Caribbean,Bocas del Toro,Casa Blanca,AT13-12-1-2,modern_bulk,1,943.967,1177.064,Gobiidae
Caribbean,Bocas del Toro,Casa Blanca,AT13-12-1-2,modern_bulk,2,1233.536,1109.596,Gobiidae
Caribbean,Bocas del Toro,Casa Blanca,AT13-12-1-2,modern_bulk,3,1146.309,1119.463,Gobiidae
Caribbean,Bocas del Toro,Casa Blanca,AT13-12-1-2,modern_bulk,4,1100.671,1065.101,Gobiidae
Caribbean,Bocas del Toro,Casa Blanca,AT13-12-1-2,modern_bulk,5,NA,NA,Gobiidae
Caribbean,Bocas del Toro,Casa Blanca,AT13-12-1-2,modern_bulk,6,812.258,831.624,Gobiidae
Caribbean,Bocas del Toro,Casa Blanca,AT13-12-1-2,modern_bulk,7,1540.94,1436.242,Gobiidae
Caribbean,Bocas del Toro,Casa Blanca,AT13-12-1-2,modern_bulk,8,794.631,926.174,Gobiidae
Caribbean,Bocas del Toro,Casa Blanca,AT13-12-1-2,modern_bulk,9,2008.213,1930.905,Gobiidae
Caribbean,Bocas del Toro,Casa Blanca,AT13-12-1-2,modern_bulk,10,1457.718,1385.235,Gobiidae
Caribbean,Bocas del Toro,Casa Blanca,AT13-12-1-2,modern_bulk,11,1409.396,1283.221,Gobiidae
Caribbean,Bocas del Toro,Casa Blanca,AT13-12-1-2,modern_bulk,12,1025.503,840.268,Gobiidae
Caribbean,Bocas del Toro,Casa Blanca,AT13-12-1-2,modern_bulk,13,801.342,821.477,Gobiidae
Caribbean,Bocas del Toro,Casa Blanca,AT13-12-2-1,modern_bulk,1,918.156,914.094,Gobiidae
Caribbean,Bocas del Toro,Casa Blanca,AT13-12-2-1,modern_bulk,2,NA,1103.356,Gobiidae
Caribbean,Bocas del Toro,Casa Blanca,AT13-12-2-1,modern_bulk,3,1200.537,1099.875,Gobiidae
Caribbean,Bocas del Toro,Casa Blanca,AT13-12-2-1,modern_bulk,4,854.822,686.456,Gobiidae
Caribbean,Bocas del Toro,Casa Blanca,AT13-12-2-1,modern_bulk,5,1201.497,974.896,Gobiidae
Caribbean,Bocas del Toro,Casa Blanca,AT13-12-2-1,modern_bulk,6,899.068,1011.14,Gobiidae
Caribbean,Bocas del Toro,Casa Blanca,AT13-12-2-1,modern_bulk,7,NA,1310.067,Gobiidae
Caribbean,Bocas del Toro,Casa Blanca,AT13-12-2-1,modern_bulk,8,853.691,869.799,Gobiidae
Caribbean,Bocas del Toro,Casa Blanca,AT13-12-2-1,modern_bulk,9,765.006,881.179,Gobiidae
Caribbean,Bocas del Toro,Casa Blanca,AT13-12-2-1,modern_bulk,10,1350.56,1257.01,Gobiidae
Caribbean,Bocas del Toro,Casa Blanca,AT13-12-2-1,modern_bulk,11,1023.555,948.962,Gobiidae
Caribbean,Bocas del Toro,Casa Blanca,AT13-12-2-1,modern_bulk,12,989.332,1000.736,Gobiidae
Caribbean,Bocas del Toro,Casa Blanca,AT13-12-2-2,modern_bulk,1,922.961,980.991,Gobiidae
Caribbean,Bocas del Toro,Casa Blanca,AT13-12-2-2,modern_bulk,2,974.067,1000.453,Gobiidae
Caribbean,Bocas del Toro,Casa Blanca,AT13-12-2-2,modern_bulk,3,1529.254,1388.03,Gobiidae
Caribbean,Bocas del Toro,Casa Blanca,AT13-12-2-2,modern_bulk,4,1529.254,1444.519,Gobiidae
Caribbean,Bocas del Toro,Casa Blanca,AT13-12-2-2,modern_bulk,5,1210.491,1011.432,Gobiidae
Caribbean,Bocas del Toro,Casa Blanca,AT13-12-2-2,modern_bulk,6,882.313,960.323,Gobiidae
Caribbean,Bocas del Toro,Casa Blanca,AT13-12-2-2,modern_bulk,7,1413.729,1382.559,Gobiidae
Caribbean,Bocas del Toro,Casa Blanca,AT13-12-2-2,modern_bulk,8,1384.912,1230.662,Gobiidae
Caribbean,Bocas del Toro,Casa Blanca,AT13-12-2-2,modern_bulk,9,796.602,860.188,Gobiidae
Caribbean,Bocas del Toro,Casa Blanca,AT13-12-3-1,modern_bulk,1,1170.564,1203.276,Gobiidae
Caribbean,Bocas del Toro,Casa Blanca,AT13-12-3-1,modern_bulk,2,771.505,846.774,Gobiidae
Caribbean,Bocas del Toro,Casa Blanca,AT13-12-3-1,modern_bulk,3,897.849,779.57,Gobiidae
Caribbean,Bocas del Toro,Casa Blanca,AT13-12-3-1,modern_bulk,4,726.926,785.981,Gobiidae
Caribbean,Bocas del Toro,Casa Blanca,AT13-12-3-1,modern_bulk,5,1133.604,1130.804,Gobiidae
Caribbean,Bocas del Toro,Casa Blanca,AT13-12-3-1,modern_bulk,6,932.935,1029.57,Gobiidae
Caribbean,Bocas del Toro,Casa Blanca,AT13-12-3-1,modern_bulk,7,1068.548,818.548,Gobiidae
Caribbean,Bocas del Toro,Casa Blanca,AT13-12-3-1,modern_bulk,8,953.056,1064.524,Gobiidae
Caribbean,Bocas del Toro,Casa Blanca,AT13-12-3-1,modern_bulk,9,965.054,978.495,Gobiidae
Caribbean,Bocas del Toro,Casa Blanca,AT13-12-3-1,modern_bulk,1,1800.202,1759.839,Gobiidae
Caribbean,Bocas del Toro,Casa Blanca,AT13-12-3-1,modern_bulk,2,1518.458,1519.595,Gobiidae
Caribbean,Bocas del Toro,Casa Blanca,AT13-12-3-1,modern_bulk,3,795.929,993.359,Gobiidae
Caribbean,Bocas del Toro,Casa Blanca,AT13-12-3-1,modern_bulk,4,1410.527,1329.297,Gobiidae
Caribbean,Bocas del Toro,Casa Blanca,AT13-12-3-1,modern_bulk,5,1092.996,1337.283,Gobiidae
Caribbean,Bocas del Toro,Casa Blanca,AT13-12-3-1,modern_bulk,6,1154.39,1181.298,Gobiidae
Caribbean,Bocas del Toro,Casa Blanca,AT13-12-3-1,modern_bulk,7,807.265,873.865,Gobiidae
Caribbean,Bocas del Toro,Casa Blanca,AT13-12-3-1,modern_bulk,8,1027.918,1011.773,Gobiidae
Caribbean,Bocas del Toro,Casa Blanca,AT13-12-3-1,modern_bulk,9,926.337,990.918,Gobiidae
Caribbean,Bocas del Toro,Casa Blanca,AT13-12-3-2,modern_bulk,1,972.486,940.02,Gobiidae
Caribbean,Bocas del Toro,Casa Blanca,AT13-12-3-2,modern_bulk,2,NA,817.794,Gobiidae
Caribbean,Bocas del Toro,Casa Blanca,AT13-12-3-2,modern_bulk,3,NA,1108.178,Gobiidae
Caribbean,Bocas del Toro,Casa Blanca,AT13-12-3-2,modern_bulk,4,839.498,901.865,Gobiidae
Caribbean,Bocas del Toro,Casa Blanca,AT13-12-3-2,modern_bulk,5,1186.33,1154.155,Gobiidae
Caribbean,Bocas del Toro,Casa Blanca,AT13-12-3-2,modern_bulk,6,1455.246,1439.033,Gobiidae
Caribbean,Bocas del Toro,Casa Blanca,AT13-12-3-2,modern_bulk,7,763.569,755.216,Gobiidae
Caribbean,Bocas del Toro,Casa Blanca,AT13-12-3-2,modern_bulk,8,778.269,817.947,Gobiidae
Caribbean,Bocas del Toro,Casa Blanca,AT13-12-3-2,modern_bulk,9,907.535,1084.882,Gobiidae
Caribbean,Bocas del Toro,Casa Blanca,AT13-12-3-2,modern_bulk,10,941.638,957.965,Gobiidae
Caribbean,Bocas del Toro,Casa Blanca,AT13-12-3-2,modern_bulk,11,756.224,846.725,Gobiidae
Caribbean,Bocas del Toro,Casa Blanca,AT13-12-3-2,modern_bulk,12,NA,1043.743,Gobiidae
Caribbean,Bocas del Toro,Casa Blanca,AT13-12-3-2,modern_bulk,1,1620.931,1468.045,Gobiidae
Caribbean,Bocas del Toro,Casa Blanca,AT13-12-3-2,modern_bulk,2,1074.979,997.852,Gobiidae
Caribbean,Bocas del Toro,Casa Blanca,AT13-12-3-2,modern_bulk,3,1383.869,1230.952,Gobiidae
Caribbean,Bocas del Toro,Casa Blanca,AT13-12-3-2,modern_bulk,4,801.836,916.868,Gobiidae
Caribbean,Bocas del Toro,Casa Blanca,AT13-12-3-2,modern_bulk,5,1719.389,1542.483,Gobiidae
Caribbean,Bocas del Toro,Casa Blanca,AT13-12-3-2,modern_bulk,6,930.657,967.663,Gobiidae
Caribbean,Bocas del Toro,Casa Blanca,AT13-12-3-2,modern_bulk,7,1032.572,1026.746,Gobiidae
Caribbean,Bocas del Toro,Casa Blanca,AT13-12-3-2,modern_bulk,8,1400.8,1293.01,Gobiidae
Caribbean,Bocas del Toro,Casa Blanca,AT13-12-3-2,modern_bulk,9,1327.854,1173.846,Gobiidae
Caribbean,Bocas del Toro,Casa Blanca,AT13-12-3-2,modern_bulk,10,885.129,1049.194,Gobiidae
Caribbean,Bocas del Toro,Casa Blanca,AT13-12-4-1,modern_bulk,1,782.24,996.517,Gobiidae
Caribbean,Bocas del Toro,Casa Blanca,AT13-12-4-1,modern_bulk,2,1987.969,1685.706,Gobiidae
Caribbean,Bocas del Toro,Casa Blanca,AT13-12-4-1,modern_bulk,3,1694.129,1387.308,Gobiidae
Caribbean,Bocas del Toro,Casa Blanca,AT13-12-4-1,modern_bulk,4,772.867,836.363,Gobiidae
Caribbean,Bocas del Toro,Casa Blanca,AT13-12-4-1,modern_bulk,5,685.911,817.453,Gobiidae
Caribbean,Bocas del Toro,Casa Blanca,AT13-12-4-1,modern_bulk,6,1684.432,1495.315,Gobiidae
Caribbean,Bocas del Toro,Casa Blanca,AT13-12-4-1,modern_bulk,7,1078.544,1352.941,Gobiidae
Caribbean,Bocas del Toro,Casa Blanca,AT13-12-4-1,modern_bulk,8,1209.689,1215.482,Gobiidae
Caribbean,Bocas del Toro,Casa Blanca,AT13-12-4-1,modern_bulk,9,2120.983,1786.309,Gobiidae
Caribbean,Bocas del Toro,Casa Blanca,AT13-12-4-1,modern_bulk,10,948.868,1000.697,Gobiidae
Caribbean,Bocas del Toro,Casa Blanca,AT13-12-4-1,modern_bulk,11,1291.614,1178.834,Gobiidae
Caribbean,Bocas del Toro,Casa Blanca,AT13-12-4-1,modern_bulk,12,829.972,900.616,Gobiidae
Caribbean,Bocas del Toro,Casa Blanca,AT13-12-4-1,modern_bulk,13,760.276,843.593,Gobiidae
Caribbean,Bocas del Toro,Casa Blanca,AT13-12-4-1,modern_bulk,14,779.588,836.039,Gobiidae
Caribbean,Bocas del Toro,Casa Blanca,AT13-12-4-1,modern_bulk,15,914.073,1178.37,Gobiidae
Caribbean,Bocas del Toro,Casa Blanca,AT13-12-4-1,modern_bulk,16,1213.542,1159.288,Gobiidae
Caribbean,Bocas del Toro,Casa Blanca,AT13-12-4-1,modern_bulk,17,1083.853,1090.368,Gobiidae
Caribbean,Bocas del Toro,Casa Blanca,AT13-12-4-1,modern_bulk,18,1099.623,1014.877,Gobiidae
Caribbean,Bocas del Toro,Casa Blanca,AT13-12-4-1,modern_bulk,19,1669.749,1330.67,Gobiidae
Caribbean,Bocas del Toro,Casa Blanca,AT13-12-4-1,modern_bulk,20,1432.798,1206.992,Gobiidae
Caribbean,Bocas del Toro,Casa Blanca,AT13-12-4-1,modern_bulk,21,863.912,996.152,Gobiidae
Caribbean,Bocas del Toro,Casa Blanca,AT13-12-4-1,modern_bulk,22,863.188,1038.308,Gobiidae
Caribbean,Bocas del Toro,Casa Blanca,AT13-12-4-1,modern_bulk,23,885.228,996,Gobiidae
Caribbean,Bocas del Toro,Casa Blanca,AT13-12-4-1,modern_bulk,1,1092.55,1087.054,Gobiidae
Caribbean,Bocas del Toro,Casa Blanca,AT13-12-4-1,modern_bulk,2,1418.069,1301.666,Gobiidae
Caribbean,Bocas del Toro,Casa Blanca,AT13-12-4-1,modern_bulk,3,1426.485,1202.184,Gobiidae
Caribbean,Bocas del Toro,Casa Blanca,AT13-12-4-1,modern_bulk,4,981.483,968.614,Gobiidae
Caribbean,Bocas del Toro,Casa Blanca,AT13-12-4-1,modern_bulk,5,1484.439,1361.039,Gobiidae
Caribbean,Bocas del Toro,Casa Blanca,AT13-12-4-1,modern_bulk,6,878.723,1003.058,Gobiidae
Caribbean,Bocas del Toro,Casa Blanca,AT13-12-4-1,modern_bulk,7,1210.675,1167.427,Gobiidae
Caribbean,Bocas del Toro,Casa Blanca,AT13-12-4-1,modern_bulk,8,881.406,1113.367,Gobiidae
Caribbean,Bocas del Toro,Casa Blanca,AT13-12-4-1,modern_bulk,9,1455.576,1401.617,Gobiidae
Caribbean,Bocas del Toro,Casa Blanca,AT13-12-4-1,modern_bulk,10,957.01,1010.872,Gobiidae
Caribbean,Bocas del Toro,Casa Blanca,AT13-12-4-2,modern_bulk,1,806.093,840.371,Gobiidae
Caribbean,Bocas del Toro,Casa Blanca,AT13-12-4-2,modern_bulk,2,747.312,814.516,Gobiidae
Caribbean,Bocas del Toro,Casa Blanca,AT13-12-4-2,modern_bulk,3,997.312,959.677,Gobiidae
Caribbean,Bocas del Toro,Casa Blanca,AT13-12-4-2,modern_bulk,4,1094.086,1069.892,Gobiidae
Caribbean,Bocas del Toro,Casa Blanca,AT13-12-4-2,modern_bulk,5,1120.671,1072.308,Gobiidae
Caribbean,Bocas del Toro,Casa Blanca,AT13-12-4-2,modern_bulk,6,988.052,1088.962,Gobiidae
Caribbean,Bocas del Toro,Casa Blanca,AT13-12-4-2,modern_bulk,1,1711.083,1568.849,Gobiidae
Caribbean,Bocas del Toro,Casa Blanca,AT13-12-4-2,modern_bulk,2,1502.372,1388.72,Gobiidae
Caribbean,Bocas del Toro,Casa Blanca,AT13-12-4-2,modern_bulk,3,1828.202,1735.605,Gobiidae
Caribbean,Bocas del Toro,Casa Blanca,AT13-12-4-2,modern_bulk,4,1626.138,1488.909,Gobiidae
Caribbean,Bocas del Toro,Casa Blanca,AT13-12-4-2,modern_bulk,5,1124.492,1105.585,Gobiidae
Caribbean,Bocas del Toro,Casa Blanca,AT13-12-4-2,modern_bulk,6,1528.1,1350.895,Gobiidae
Caribbean,Bocas del Toro,Casa Blanca,AT13-12-4-2,modern_bulk,7,1137.611,1169.181,Gobiidae
Caribbean,Bocas del Toro,Casa Blanca,AT13-12-4-2,modern_bulk,8,1246.864,1188.437,Gobiidae
Caribbean,Bocas del Toro,Casa Blanca,AT13-12-4-2,modern_bulk,9,1037.823,1017.613,Gobiidae
Caribbean,Bocas del Toro,Casa Blanca,AT13-12-4-2,modern_bulk,10,1373.811,1262.988,Gobiidae
Caribbean,Bocas del Toro,Casa Blanca,AT13-12-4-2,modern_bulk,11,1448.695,1307.834,Gobiidae
Caribbean,Bocas del Toro,Sweet Bocas Trench 1,AT13-2-10,Holocene_bulk,1,1177.524,1208.877,Gobiidae
Caribbean,Bocas del Toro,Sweet Bocas Trench 2,AT13-3-10,Holocene_bulk,1,1528.223,1361.385,Gobiidae
Caribbean,Bocas del Toro,Sweet Bocas Trench 2,AT13-3-10,Holocene_bulk,2,NA,NA,Gobiidae
Caribbean,Bocas del Toro,Sweet Bocas Trench 2,AT13-3-11,Holocene_bulk,3,1420.676,1272.918,Gobiidae
Caribbean,Bocas del Toro,Sweet Bocas Trench 2,AT13-3-12,Holocene_bulk,4,1150.221,1178.771,Gobiidae
Caribbean,Bocas del Toro,Sweet Bocas Trench 2,AT13-3-12,Holocene_bulk,5,1148.029,1107.913,Gobiidae
Caribbean,Bocas del Toro,Sweet Bocas Trench 2,AT13-3-12,Holocene_bulk,6,NA,117.687,Gobiidae
Caribbean,Bocas del Toro,Sweet Bocas Trench 2,AT13-3-13,Holocene_bulk,1,1022.192,1237.391,Gobiidae
Caribbean,Bocas del Toro,Sweet Bocas Trench 2,AT13-3-13,Holocene_bulk,2,1196.896,1080.103,Gobiidae
Caribbean,Bocas del Toro,Sweet Bocas Trench 2,AT13-3-13,Holocene_bulk,3,943.118,980.743,Gobiidae
Caribbean,Bocas del Toro,Sweet Bocas Trench 2,AT13-3-14,Holocene_bulk,4,1389.53,1342.821,Gobiidae
Caribbean,Bocas del Toro,Sweet Bocas Trench 3,AT13-4-5,Holocene_bulk,5,925.236,1020.943,Gobiidae
Caribbean,Bocas del Toro,Sweet Bocas Trench 3,AT13-4-6,Holocene_bulk,6,1369.782,1323.599,Gobiidae
Caribbean,Bocas del Toro,Sweet Bocas Trench 4,AT13-5-1,Holocene_bulk,1,1427.749,1290.736,Gobiidae
Caribbean,Bocas del Toro,Sweet Bocas Trench 5,AT13-6-3,Holocene_bulk,2,1253.216,135.138,Gobiidae
Caribbean,Bocas del Toro,Sweet Bocas Trench 5,AT13-6-3,Holocene_bulk,3,1148.462,1078.901,Gobiidae
Caribbean,Bocas del Toro,Sweet Bocas Trench 5,AT13-6-6,Holocene_bulk,4,1215.219,1195.09,Gobiidae
Caribbean,Bocas del Toro,Sweet Bocas Trench 5,AT13-6-6,Holocene_bulk,5,1623.606,1419.119,Gobiidae
Caribbean,Bocas del Toro,Sweet Bocas Trench 7,AT13-8-1,Holocene_bulk,1,1577.446,1460.912,Gobiidae
Caribbean,Bocas del Toro,Sweet Bocas Trench 7,AT13-8-1,Holocene_bulk,2,1256.242,1141.774,Gobiidae
Caribbean,Bocas del Toro,Sweet Bocas Trench 7,AT13-8-1,Holocene_bulk,3,804.608,865.565,Gobiidae
Caribbean,Bocas del Toro,Sweet Bocas Trench 7,AT13-8-2,Holocene_bulk,4,1177.947,1153.894,Gobiidae
Caribbean,Bocas del Toro,Sweet Bocas Trench 7,AT13-8-2,Holocene_bulk,5,1301.887,1350.404,Gobiidae
Caribbean,Bocas del Toro,Sweet Bocas Trench 7,AT13-8-2,Holocene_bulk,6,1558.178,1342.708,Gobiidae
Caribbean,Bocas del Toro,Sweet Bocas Trench 8,AT13-9-1,Holocene_bulk,1,1617.549,1507.982,Gobiidae
Caribbean,Bocas del Toro,Sweet Bocas Trench 8,AT13-9-1,Holocene_bulk,2,1319.209,1159.42,Gobiidae
Caribbean,Bocas del Toro,Sweet Bocas Trench 8,AT13-9-1,Holocene_bulk,3,1578.678,1478.081,Gobiidae
Caribbean,Bocas del Toro,Sweet Bocas Trench 8,AT13-9-1,Holocene_bulk,4,852.424,671.982,Gobiidae
Caribbean,Bocas del Toro,Sweet Bocas Trench 8,AT13-9-1,Holocene_bulk,5,1646.823,1261.881,Gobiidae
Caribbean,Bocas del Toro,Sweet Bocas Trench 8,AT13-9-2,Holocene_bulk,6,1170.255,1224.206,Gobiidae
Caribbean,Bocas del Toro,Sweet Bocas Trench 8,AT13-9-2,Holocene_bulk,7,1954.43,1650.469,Gobiidae
Caribbean,Bocas del Toro,Casa Blanca new,AT14-1-1,modern_bulk,1,634.698,785.966,Gobiidae
Caribbean,Bocas del Toro,Casa Blanca new,AT14-1-1,modern_bulk,2,716.692,759.109,Gobiidae
Caribbean,Bocas del Toro,Casa Blanca new,AT14-1-1,modern_bulk,3,804.513,860.633,Gobiidae
Caribbean,Bocas del Toro,Casa Blanca new,AT14-1-5,modern_bulk,4,993.712,1022.969,Gobiidae
Caribbean,Bocas del Toro,Casa Blanca new,AT14-1-5,modern_bulk,5,1254.461,1253.172,Gobiidae
Caribbean,Bocas del Toro,Casa Blanca new,AT14-1-7,modern_bulk,6,1663.526,1405.259,Gobiidae
Caribbean,Bocas del Toro,Casa Blanca new,AT14-1-7,modern_bulk,7,1483.215,1338.09,Gobiidae
Caribbean,Bocas del Toro,Casa Blanca new,AT14-1-7,modern_bulk,8,1068.641,1033.647,Gobiidae
Caribbean,Bocas del Toro,Casa Blanca new,AT14-1-7,modern_bulk,9,NA,NA,Gobiidae
Caribbean,Bocas del Toro,Casa Blanca new,AT14-1-7,modern_bulk,10,961.995,776.748,Gobiidae
Caribbean,Bocas del Toro,Casa Blanca new,AT14-1-7,modern_bulk,11,960.973,791.611,Gobiidae
Caribbean,Bocas del Toro,Casa Blanca new,AT14-1-7,modern_bulk,1,1736.811,1716.487,Gobiidae
Caribbean,Bocas del Toro,Casa Blanca new,AT14-1-7,modern_bulk,2,970.874,1124.831,Gobiidae
Caribbean,Bocas del Toro,Casa Blanca new,AT14-1-7,modern_bulk,3,1430.841,1301.686,Gobiidae
Caribbean,Bocas del Toro,Casa Blanca new,AT14-1-7,modern_bulk,4,836.324,954.677,Gobiidae
Caribbean,Bocas del Toro,Casa Blanca new,AT14-1-7,modern_bulk,5,1547.059,1337.703,Gobiidae
Caribbean,Bocas del Toro,Casa Blanca new,AT14-1-7,modern_bulk,6,826.326,869.313,Gobiidae
Caribbean,Bocas del Toro,Casa Blanca new,AT14-1-7,modern_bulk,7,1448.207,1451.446,Gobiidae
Caribbean,Bocas del Toro,Casa Blanca new,AT14-1-3,modern_bulk,1,816.516,816.759,Gobiidae
Caribbean,Bocas del Toro,Casa Blanca new,AT14-1-3,modern_bulk,2,939.281,956.17,Gobiidae
Caribbean,Bocas del Toro,Casa Blanca new,AT14-1-3,modern_bulk,3,1110.773,1412.123,Gobiidae
Caribbean,Bocas del Toro,Casa Blanca new,AT14-1-3,modern_bulk,4,1193.668,1194.399,Gobiidae
Caribbean,Bocas del Toro,Casa Blanca new,AT14-1-3,modern_bulk,5,1037.388,995.79,Gobiidae
Caribbean,Bocas del Toro,Casa Blanca new,AT14-1-3,modern_bulk,6,658.06,745.784,Gobiidae
Caribbean,Bocas del Toro,Casa Blanca new,AT14-1-3,modern_bulk,7,628.302,776.922,Gobiidae
Caribbean,Bocas del Toro,Casa Blanca new,AT14-1-3,modern_bulk,8,741.465,795.935,Gobiidae
Caribbean,Bocas del Toro,Casa Blanca new,AT14-1-3,modern_bulk,9,940.371,828.622,Gobiidae
Caribbean,Bocas del Toro,Casa Blanca new,AT14-1-3,modern_bulk,10,910.482,909.686,Gobiidae
Caribbean,Bocas del Toro,Casa Blanca new,AT14-1-3,modern_bulk,11,434.15,513.939,Gobiidae
Caribbean,Bocas del Toro,Casa Blanca new,AT14-1-3,modern_bulk,12,605.033,652.074,Gobiidae
Caribbean,Bocas del Toro,Casa Blanca new,AT14-1-3,modern_bulk,13,970.766,1048.639,Gobiidae
Caribbean,Bocas del Toro,Casa Blanca new,AT14-1-3,modern_bulk,14,819.22,905.03,Gobiidae
Caribbean,Bocas del Toro,Casa Blanca new,AT14-1-3,modern_bulk,15,635.603,723.815,Gobiidae
Caribbean,Bocas del Toro,Casa Blanca new,AT14-1-3,modern_bulk,16,NA,773.509,Gobiidae
Caribbean,Bocas del Toro,Casa Blanca new,AT14-1-3,modern_bulk,17,NA,1078.729,Gobiidae
Caribbean,Bocas del Toro,Casa Blanca new,AT14-1-3,modern_bulk,18,743.55,782.468,Gobiidae
Caribbean,Bocas del Toro,Casa Blanca new,AT14-1-3,modern_bulk,19,569.235,704.301,Gobiidae
Caribbean,Bocas del Toro,Casa Blanca new,AT14-1-3,modern_bulk,20,1001.344,1022.681,Gobiidae
Caribbean,Bocas del Toro,Casa Blanca new,AT14-1-3,modern_bulk,21,952.541,802.783,Gobiidae
Caribbean,Bocas del Toro,Casa Blanca new,AT14-1-3,modern_bulk,22,694.329,806.122,Gobiidae
Caribbean,Bocas del Toro,Casa Blanca new,AT14-1-3,modern_bulk,23,744.387,731.898,Gobiidae
Caribbean,Bocas del Toro,Casa Blanca new,AT14-1-3,modern_bulk,24,NA,1017.285,Gobiidae
Caribbean,Bocas del Toro,Casa Blanca new,AT14-1-3,modern_bulk,25,834.521,709.152,Gobiidae
Caribbean,Bocas del Toro,Casa Blanca new,AT14-1-3,modern_bulk,26,1525.512,1387.545,Gobiidae
Caribbean,Bocas del Toro,Casa Blanca new,AT14-1-3,modern_bulk,27,660.755,762.994,Gobiidae
Caribbean,Bocas del Toro,Casa Blanca new,AT14-1-3,modern_bulk,28,946.035,937.066,Gobiidae
Caribbean,Bocas del Toro,Casa Blanca new,AT14-1-3,modern_bulk,29,961.06,970.46,Gobiidae
Caribbean,Bocas del Toro,Casa Blanca new,AT14-1-3,modern_bulk,30,686.363,732.066,Gobiidae
Caribbean,Bocas del Toro,Casa Blanca new,AT14-1-3,modern_bulk,1,1012.322,1009.959,Gobiidae
Caribbean,Bocas del Toro,Casa Blanca new,AT14-1-3,modern_bulk,2,998.787,982.909,Gobiidae
Caribbean,Bocas del Toro,Casa Blanca new,AT14-1-3,modern_bulk,3,976.989,920.049,Gobiidae
Caribbean,Bocas del Toro,Casa Blanca new,AT14-1-3,modern_bulk,4,1254.058,1194.984,Gobiidae
Caribbean,Bocas del Toro,Casa Blanca new,AT14-1-3,modern_bulk,5,1020.714,1096.893,Gobiidae
Caribbean,Bocas del Toro,Casa Blanca new,AT14-1-3,modern_bulk,6,727.701,873.722,Gobiidae
Caribbean,Bocas del Toro,Casa Blanca new,AT14-1-3,modern_bulk,7,877.622,956.59,Gobiidae
Caribbean,Bocas del Toro,Casa Blanca new,AT14-1-3,modern_bulk,8,683.016,755.784,Gobiidae
Caribbean,Bocas del Toro,Casa Blanca new,AT14-1-3,modern_bulk,9,957.466,1025.082,Gobiidae
Caribbean,Bocas del Toro,Casa Blanca new,AT14-1-3,modern_bulk,10,1353.222,1270.884,Gobiidae
Caribbean,Bocas del Toro,Casa Blanca new,AT14-1-3,modern_bulk,11,1339.902,1426.489,Gobiidae
Caribbean,Bocas del Toro,Casa Blanca new,AT14-1-3,modern_bulk,12,1430.772,1265.758,Gobiidae
Caribbean,Bocas del Toro,Casa Blanca new,AT14-1-3,modern_bulk,13,913.741,929.129,Gobiidae
Caribbean,Bocas del Toro,Casa Blanca new,AT14-1-3,modern_bulk,14,747.596,861.003,Gobiidae
Caribbean,Bocas del Toro,Casa Blanca new,AT14-1-3,modern_bulk,15,921.203,959.877,Gobiidae
Caribbean,Bocas del Toro,Casa Blanca new,AT14-1-3,modern_bulk,16,742.469,789.273,Gobiidae
Caribbean,Bocas del Toro,Casa Blanca new,AT14-1-3,modern_bulk,17,723.138,810.538,Gobiidae
Caribbean,Bocas del Toro,Casa Blanca new,AT14-1-3,modern_bulk,8,964.013,1123.391,Gobiidae
Caribbean,Bocas del Toro,Casa Blanca new,AT14-1-3,modern_bulk,19,1235.829,1237.113,Gobiidae
Caribbean,Bocas del Toro,Casa Blanca new,AT14-1-3,modern_bulk,20,1522.407,1418.479,Gobiidae
Caribbean,Bocas del Toro,Sweet Bocas SE Face,AT14-10-1,Holocene_bulk,1,1600.517,1437.777,Gobiidae
Caribbean,Bocas del Toro,Sweet Bocas SE Face,AT14-10-1,Holocene_bulk,2,956.507,920.115,Gobiidae
Caribbean,Bocas del Toro,Sweet Bocas SE Face,AT14-10-1,Holocene_bulk,3,842.598,783.739,Gobiidae
Caribbean,Bocas del Toro,Sweet Bocas SE Face,AT14-10-3,Holocene_bulk,4,1131.376,1120.698,Gobiidae
Caribbean,Bocas del Toro,Sweet Bocas SE Face,AT14-10-3,Holocene_bulk,5,1365.028,1240.739,Gobiidae
Caribbean,Bocas del Toro,Sweet Bocas SE Face,AT14-10-3,Holocene_bulk,6,1860.429,1763.448,Gobiidae
Caribbean,Bocas del Toro,Sweet Bocas SE Face,AT14-10-3,Holocene_bulk,7,984.894,1015.136,Gobiidae
Caribbean,Bocas del Toro,Sweet Bocas SE Face,AT14-10-3,Holocene_bulk,8,1405.709,1279.228,Gobiidae
Caribbean,Bocas del Toro,Sweet Bocas SE Face,AT14-10-2,Holocene_bulk,9,1184.628,1251.274,Gobiidae
Caribbean,Bocas del Toro,Sweet Bocas SE Face,AT14-10-2,Holocene_bulk,10,1671.467,1429.1,Gobiidae
Caribbean,Bocas del Toro,Sweet Bocas SE Face,AT14-11-3,Holocene_bulk,1,1416.517,1352.928,Gobiidae
Caribbean,Bocas del Toro,Sweet Bocas SE Face,AT14-11-3,Holocene_bulk,2,1044.586,1049.483,Gobiidae
Caribbean,Bocas del Toro,Sweet Bocas SE Face,AT14-11-3,Holocene_bulk,3,1072.147,1164.318,Gobiidae
CODE WITHOUT OTOLITHS,NA,NA,NA,NA,NA,NA,NA,NA
Caribbean,Bocas del Toro,Cayo Adriana,AT14-3-2,modern_bulk,1,870.157,939.099,Gobiidae
Caribbean,Bocas del Toro,Cayo Adriana,AT14-3-2,modern_bulk,2,904.506,941.033,Gobiidae
Caribbean,Bocas del Toro,Sweet Bocas SE Face,AT14-5-2,Holocene_bulk,3,783.651,902.887,Gobiidae
Caribbean,Bocas del Toro,Sweet Bocas SE Face,AT14-6-1,Holocene_bulk,4,1578.203,1355.975,Gobiidae
Caribbean,Bocas del Toro,Sweet Bocas SE Face,AT14-6-3,Holocene_bulk,5,764.435,909.005,Gobiidae
Caribbean,Bocas del Toro,Sweet Bocas SE Face,AT14-6-3,Holocene_bulk,6,1740.28,1604.563,Gobiidae
Caribbean,Bocas del Toro,Sweet Bocas SE Face,AT14-9-2,Holocene_bulk,7,983.169,842.192,Gobiidae
Caribbean,Bocas del Toro,Sweet Bocas SE Face,AT14-9-2,Holocene_bulk,8,1291.614,1222.89,Gobiidae
Caribbean,Bocas del Toro,Punta Donato,AT14-2-5,modern_bulk,1,946.796,1069.797,Gobiidae
Caribbean,Bocas del Toro,Punta Donato,AT14-2-5,modern_bulk,2,746.472,939.516,Gobiidae
Caribbean,Bocas del Toro,Punta Donato,AT14-2-5,modern_bulk,3,827.95,984.822,Gobiidae
Caribbean,Bocas del Toro,Punta Donato,AT14-2-5,modern_bulk,4,812.095,905.76,Gobiidae
Caribbean,Bocas del Toro,Punta Donato,AT14-2-5,modern_bulk,5,868.72,898.552,Gobiidae
Caribbean,Bocas del Toro,Punta Donato,AT14-2-5,modern_bulk,6,1136.853,1254.755,Gobiidae
Caribbean,Bocas del Toro,Punta Donato,AT14-2-5,modern_bulk,7,765.457,945.565,Gobiidae
Caribbean,Bocas del Toro,Punta Donato,AT14-2-5,modern_bulk,8,1289.568,1227.833,Gobiidae
Caribbean,Bocas del Toro,Punta Donato,AT14-2-5,modern_bulk,9,1022.781,1278.72,Gobiidae
Caribbean,Bocas del Toro,Punta Donato,AT14-2-5,modern_bulk,10,649.506,867.535,Gobiidae
Caribbean,Bocas del Toro,Punta Donato,AT14-2-5,modern_bulk,11,784.652,895.218,Gobiidae
Caribbean,Bocas del Toro,Punta Donato,AT14-2-5,modern_bulk,12,864.616,930.458,Gobiidae
Caribbean,Bocas del Toro,Punta Donato,AT14-2-5,modern_bulk,13,931.227,1163.256,Gobiidae
Caribbean,Bocas del Toro,Punta Donato,AT14-2-5,modern_bulk,14,895.718,1109.113,Gobiidae
Caribbean,Bocas del Toro,Punta Donato,AT14-2-5,modern_bulk,15,803.755,951.359,Gobiidae
Caribbean,Bocas del Toro,Punta Donato,AT14-2-5,modern_bulk,16,1115.667,1227.899,Gobiidae
Caribbean,Bocas del Toro,Punta Donato,AT14-2-5,modern_bulk,17,1074.065,1081.836,Gobiidae
Caribbean,Bocas del Toro,Punta Donato,AT14-2-5,modern_bulk,18,1776.815,1653.245,Gobiidae
Caribbean,Bocas del Toro,Punta Donato,AT14-2-4,modern_bulk,1,1441.66,NA,Gobiidae
Caribbean,Bocas del Toro,Punta Donato,AT14-2-4,modern_bulk,2,924.372,1146.254,Gobiidae
Caribbean,Bocas del Toro,Punta Donato,AT14-2-4,modern_bulk,3,955.645,1161.29,Gobiidae
Caribbean,Bocas del Toro,Punta Donato,AT14-2-4,modern_bulk,4,675.716,825.098,Gobiidae
Caribbean,Bocas del Toro,Punta Donato,AT14-2-4,modern_bulk,5,1492.333,1315.204,Gobiidae
Caribbean,Bocas del Toro,Punta Donato,AT14-2-4,modern_bulk,6,994.6,1053.468,Gobiidae
Caribbean,Bocas del Toro,Punta Donato,AT14-2-4,modern_bulk,7,1052.419,1243.951,Gobiidae
Caribbean,Bocas del Toro,Punta Donato,AT14-2-4,modern_bulk,8,1190.336,1199.663,Gobiidae
Caribbean,Bocas del Toro,Punta Donato,AT14-2-4,modern_bulk,9,1072.316,1100.648,Gobiidae
Caribbean,Bocas del Toro,Punta Donato,AT14-2-4,modern_bulk,10,890.289,990.069,Gobiidae
Caribbean,Bocas del Toro,Punta Donato,AT14-2-4,modern_bulk,11,635.178,797.604,Gobiidae
Caribbean,Bocas del Toro,Punta Donato,AT14-2-4,modern_bulk,12,1684.812,1520.161,Gobiidae
Caribbean,Bocas del Toro,Punta Donato,AT14-2-4,modern_bulk,13,1269.67,1195.613,Gobiidae
Caribbean,Bocas del Toro,Punta Donato,AT14-2-4,modern_bulk,14,745.586,1000.819,Gobiidae
Caribbean,Bocas del Toro,Punta Donato,AT14-2-4,modern_bulk,15,903.311,878.07,Gobiidae
Caribbean,Bocas del Toro,Punta Donato,AT14-2-4,modern_bulk,16,663.853,743.129,Gobiidae
Caribbean,Bocas del Toro,Punta Donato,AT14-2-4,modern_bulk,17,774.403,829.255,Gobiidae
Caribbean,Bocas del Toro,Punta Donato,AT14-2-4,modern_bulk,18,1588.5,1540.689,Gobiidae
Caribbean,Bocas del Toro,Punta Donato,AT14-2-4,modern_bulk,19,712.873,860.82,Gobiidae
Caribbean,Bocas del Toro,Cayo Adriana,AT14-3-1,modern_bulk,1,1532.788,1322.594,Gobiidae
Caribbean,Bocas del Toro,Cayo Adriana,AT14-3-1,modern_bulk,2,1752.247,1499.637,Gobiidae
Caribbean,Bocas del Toro,Cayo Adriana,AT14-3-1,modern_bulk,3,2058.285,1988.957,Gobiidae
Caribbean,Bocas del Toro,Cayo Adriana,AT14-3-1,modern_bulk,4,1035.491,1307.994,Gobiidae
Caribbean,Bocas del Toro,Cayo Adriana,AT14-3-1,modern_bulk,5,713.647,761.037,Gobiidae
Caribbean,Bocas del Toro,Cayo Adriana,AT14-3-1,modern_bulk,6,895.88,935.7,Gobiidae
Caribbean,Bocas del Toro,Cayo Adriana,AT14-3-1,modern_bulk,7,814.516,903.226,Gobiidae
Caribbean,Bocas del Toro,Cayo Adriana,AT14-3-1,modern_bulk,8,NA,932.46,Gobiidae
Caribbean,Bocas del Toro,Cayo Adriana,AT14-3-1,modern_bulk,9,1461.071,1387.19,Gobiidae
Caribbean,Bocas del Toro,Cayo Adriana,AT14-3-1,modern_bulk,10,867.085,944.59,Gobiidae
Caribbean,Bocas del Toro,Cayo Adriana,AT14-3-1,modern_bulk,11,730.053,834.7,Gobiidae
Caribbean,Bocas del Toro,Cayo Adriana,AT14-3-3,modern_bulk,1,689.038,810.057,Gobiidae
Caribbean,Bocas del Toro,Cayo Adriana,AT14-3-3,modern_bulk,2,1005.04,1178.763,Gobiidae
Caribbean,Bocas del Toro,Cayo Adriana,AT14-3-3,modern_bulk,3,1286.274,1215.413,Gobiidae
Caribbean,Bocas del Toro,Cayo Adriana,AT14-3-3,modern_bulk,4,1046.578,1292.386,Gobiidae
Caribbean,Bocas del Toro,Cayo Adriana,AT14-3-3,modern_bulk,5,NA,NA,Gobiidae
Caribbean,Bocas del Toro,Cayo Adriana,AT14-3-3,modern_bulk,6,818.022,970.594,Gobiidae
Caribbean,Bocas del Toro,Cayo Adriana,AT14-3-3,modern_bulk,7,1019.463,1218.703,Gobiidae
Caribbean,Bocas del Toro,Cayo Adriana,AT14-3-3,modern_bulk,8,1520.354,1477.59,Gobiidae
Caribbean,Bocas del Toro,Cayo Adriana,AT14-3-3,modern_bulk,9,989.188,1151.464,Gobiidae
Caribbean,Bocas del Toro,Cayo Adriana,AT14-3-3,modern_bulk,10,827.066,871.917,Gobiidae
Caribbean,Bocas del Toro,Cayo Adriana,AT14-3-3,modern_bulk,11,1149.184,1052.844,Gobiidae
Caribbean,Bocas del Toro,Cayo Adriana,AT14-3-3,modern_bulk,12,1475.415,1357.611,Gobiidae
Caribbean,Bocas del Toro,Cayo Adriana,AT14-3-3,modern_bulk,13,1273.607,1216.654,Gobiidae
Caribbean,Bocas del Toro,Cayo Adriana,AT14-3-3,modern_bulk,14,1818.898,1707.022,Gobiidae
Caribbean,Bocas del Toro,Cayo Adriana,AT14-3-5,modern_bulk,1,568.824,697.213,Gobiidae
Caribbean,Bocas del Toro,Cayo Adriana,AT14-3-5,modern_bulk,2,839.301,867.47,Gobiidae
Caribbean,Bocas del Toro,Cayo Adriana,AT14-3-5,modern_bulk,3,663.224,804.85,Gobiidae
Caribbean,Bocas del Toro,Cayo Adriana,AT14-3-5,modern_bulk,4,811.767,865.133,Gobiidae
Caribbean,Bocas del Toro,Cayo Adriana,AT14-3-5,modern_bulk,5,1145.105,1075.85,Gobiidae
Caribbean,Bocas del Toro,Cayo Adriana,AT14-3-5,modern_bulk,6,797.736,889.501,Gobiidae
Caribbean,Bocas del Toro,Cayo Adriana,AT14-3-5,modern_bulk,7,959.677,1088.71,Gobiidae
Caribbean,Bocas del Toro,Cayo Adriana,AT14-3-5,modern_bulk,8,930.155,961.022,Gobiidae
Caribbean,Bocas del Toro,Cayo Adriana,AT14-3-5,modern_bulk,9,1065.134,1099.857,Gobiidae
Caribbean,Bocas del Toro,Cayo Adriana,AT14-3-5,modern_bulk,10,802.6,876.898,Gobiidae
Caribbean,Bocas del Toro,Cayo Adriana,AT14-3-5,modern_bulk,11,728.951,748.802,Gobiidae
Caribbean,Bocas del Toro,Cayo Adriana,AT14-3-5,modern_bulk,12,749.074,824.679,Gobiidae
Caribbean,Bocas del Toro,Cayo Adriana,AT14-3-5,modern_bulk,13,386.761,409.274,Gobiidae
Caribbean,Bocas del Toro,Cayo Adriana,AT14-3-5,modern_bulk,14,570.898,690.036,Gobiidae
Caribbean,Bocas del Toro,Cayo Adriana,AT14-3-5,modern_bulk,15,610.199,653.229,Gobiidae
Caribbean,Bocas del Toro,Cayo Adriana,AT14-3-5,modern_bulk,16,NA,NA,Gobiidae
Caribbean,Bocas del Toro,Cayo Adriana,AT14-3-5,modern_bulk,17,494.951,558.162,Gobiidae
Caribbean,Bocas del Toro,Cayo Adriana,AT14-3-5,modern_bulk,18,762.376,797.994,Gobiidae
Caribbean,Bocas del Toro,Cayo Adriana,AT14-3-5,modern_bulk,19,624.458,695.67,Gobiidae
Caribbean,Bocas del Toro,Cayo Adriana,AT14-3-5,modern_bulk,20,964.187,1022.835,Gobiidae
Caribbean,Bocas del Toro,Cayo Adriana,AT14-3-5,modern_bulk,21,657.499,684.773,Gobiidae
Caribbean,Bocas del Toro,Cayo Adriana,AT14-3-5,modern_bulk,22,NA,NA,Gobiidae
Caribbean,Bocas del Toro,Cayo Adriana,AT14-3-5,modern_bulk,23,577.754,662.458,Gobiidae
Caribbean,Bocas del Toro,Sweet Bocas SE Face,AT14-9-1,Holocene_bulk,1,1065.615,987.862,Gobiidae
Caribbean,Bocas del Toro,Sweet Bocas SE Face,AT14-9-1,Holocene_bulk,2,1126.639,925.631,Gobiidae
Caribbean,Bocas del Toro,Sweet Bocas SE Face,AT14-9-1,Holocene_bulk,3,885.227,995.416,Gobiidae
Caribbean,Bocas del Toro,Sweet Bocas SE Face,AT14-9-1,Holocene_bulk,4,887.459,937.626,Gobiidae
Caribbean,Bocas del Toro,Sweet Bocas SE Face,AT14-9-1,Holocene_bulk,5,1647.867,1694.489,Gobiidae
Caribbean,Bocas del Toro,Sweet Bocas SE Face,AT14-9-1,Holocene_bulk,6,1270.475,1605.28,Gobiidae
Caribbean,Bocas del Toro,Sweet Bocas SE Face,AT14-9-1,Holocene_bulk,7,1311.158,1410.606,Gobiidae
Caribbean,Bocas del Toro,Sweet Bocas SE Face,AT14-9-1,Holocene_bulk,8,1290.481,1195.798,Gobiidae
Caribbean,Bocas del Toro,Sweet Bocas SE Face,AT14-9-1,Holocene_bulk,9,1167.882,1338.057,Gobiidae
Caribbean,Bocas del Toro,Sweet Bocas SE Face,AT14-9-1,Holocene_bulk,10,778.737,823.777,Gobiidae
Caribbean,Bocas del Toro,Sweet Bocas SE Face,AT14-9-1,Holocene_bulk,11,1337.967,1511.43,Gobiidae
Caribbean,Bocas del Toro,Sweet Bocas SE Face,AT14-9-1,Holocene_bulk,12,779.293,960.541,Gobiidae
Caribbean,Bocas del Toro,Sweet Bocas SE Face,AT14-9-1,Holocene_bulk,13,814.605,900.67,Gobiidae
Caribbean,Bocas del Toro,Sweet Bocas SE Face,AT14-9-3,Holocene_bulk,1,NA,NA,Gobiidae
Caribbean,Bocas del Toro,Sweet Bocas SE Face,AT14-9-3,Holocene_bulk,2,966.264,1025.976,Gobiidae
Caribbean,Bocas del Toro,Sweet Bocas SE Face,AT14-9-3,Holocene_bulk,3,881.471,1008.142,Gobiidae
Caribbean,Bocas del Toro,Sweet Bocas SE Face,AT14-9-3,Holocene_bulk,4,827.383,826.867,Gobiidae
Caribbean,Bocas del Toro,Sweet Bocas SE Face,AT14-9-3,Holocene_bulk,5,1018.889,1092.407,Gobiidae
Caribbean,Bocas del Toro,Sweet Bocas SE Face,AT14-9-3,Holocene_bulk,6,836.374,855.792,Gobiidae
Caribbean,Bocas del Toro,Sweet Bocas SE Face,AT14-9-3,Holocene_bulk,7,1164.203,1249.916,Gobiidae
Caribbean,Bocas del Toro,STRI Point,AT12-1-1-1,modern_bulk,1,1952.221,1615.074,Cynoglossidae
Caribbean,Bocas del Toro,Sunset Point,AT12-2-1,Holocene_bulk,2,1209.287,751.281,Mugilidae
Caribbean,Bocas del Toro,Cayo Adriana,AT14-3-5,modern_bulk,3,2152.218,1211.022,Carangidae
Caribbean,Bocas del Toro,STRI Point,AT12-1-4-1,modern_bulk,4,4088.741,2057.021,Macrouridae
Caribbean,Bocas del Toro,Casa Blanca new,AT14-1-8,modern_bulk,5,3010.081,1680.108,Sphyraenidae
Caribbean,Bocas del Toro,Sunset Point,AT12-2-3,Holocene_bulk,1,1131.385,816.532,Muraenidae
Caribbean,Bocas del Toro,Punta Donato,AT14-2-5,Holocene_bulk,1,1584.029,726.147,Sphyraenidae
Caribbean,Bocas del Toro,Airport Point,AT14-4-5,modern_bulk,2,1288.249,598.068,Sphyraenidae
Caribbean,Bocas del Toro,Airport Point,AT14-4-5,modern_bulk,3,843.772,450.044,Sphyraenidae
Caribbean,Bocas del Toro,Sunset Point,AT12-2-4,Holocene_bulk,4,1119.785,708.023,Scianidae
