Site,Depth_m,Group,Family,Genus,Species,SL_mm,TL_mm
Airport Point,1.9,AP1,Apogonidae,Apogon,Apogon binotatus,21.5,25.5
Airport Point,1.9,AP1,Apogonidae,Phaeoptyx,Phaeoptyx xenus,19.84,35.18
Airport Point,1.9,AP1,Apogonidae,Phaeoptyx,Phaeoptyx xenus,20.32,40
Airport Point,1.9,AP1,Apogonidae,Phaeoptyx,Phaeoptyx xenus,27.3,41.68
Airport Point,1.9,AP1,Apogonidae,Phaeoptyx,Phaeoptyx xenus,27.9,49.16
Airport Point,1.9,AP1,Apogonidae,Phaeoptyx,Phaeoptyx xenus,31.42,.
Airport Point,1.9,AP1,Apogonidae,Phaeoptyx,Phaeoptyx xenus,32.1,.
Airport Point,1.9,AP1,Apogonidae,Phaeoptyx,Phaeoptyx xenus,37.3,65.2
Airport Point,1.9,AP1,Bythitidae,Ogilbia,Ogilbia sp.,59.68,24.06
Airport Point,1.9,AP1,Gobiidae,Coryphopterus,Coryphopterus glaucofraenum,19.15,.
Airport Point,1.9,AP1,Gobiidae,Coryphopterus,Coryphopterus glaucofraenum,34,25.65
Airport Point,1.9,AP1,Pomacentridae,Stegastes,Stegastes adustus,20.4,112.44
Airport Point,1.9,AP1,Labridae,Scarus,Scarus iseri,98.32,84.1
Airport Point,1.9,AP1,Serranidae,Hypoplectrus,Hypoplectrus puella,68.64,48.26
Airport Point,1.9,AP1,Tetraodontidae,Canthigaster,Canthigaster rostrata,39.78,.
Airport Point,1.7,AP1,Batrachoididae,Amphichthys,Amphichthys cryptocentrus,36.46,26.84
Airport Point,1.7,AP1,Bythitidae,Ogilbia,Ogilbia sp.,24.21,.
Airport Point,1.7,AP1,Bythitidae,Ogilbia,Ogilbia sp.,34.93,10.41
Airport Point,1.7,AP1,Gobiidae,Coryphopterus,Coryphopterus glaucofraenum,9.13,14.54
Airport Point,1.7,AP1,Gobiidae,Coryphopterus,Coryphopterus glaucofraenum,9.98,15.41
Airport Point,1.7,AP1,Gobiidae,Coryphopterus,Coryphopterus glaucofraenum,11.36,16.38
Airport Point,1.7,AP1,Gobiidae,Coryphopterus,Coryphopterus glaucofraenum,11.9,16.98
Airport Point,1.7,AP1,Gobiidae,Coryphopterus,Coryphopterus glaucofraenum,12.79,18.29
Airport Point,1.7,AP1,Gobiidae,Coryphopterus,Coryphopterus glaucofraenum,13.37,19.02
Airport Point,1.7,AP1,Gobiidae,Coryphopterus,Coryphopterus glaucofraenum,13.51,19.04
Airport Point,1.7,AP1,Gobiidae,Coryphopterus,Coryphopterus glaucofraenum,14.39,19.39
Airport Point,1.7,AP1,Gobiidae,Coryphopterus,Coryphopterus glaucofraenum,15.2,19.8
Airport Point,1.7,AP1,Gobiidae,Coryphopterus,Coryphopterus glaucofraenum,15.3,20.47
Airport Point,1.7,AP1,Gobiidae,Coryphopterus,Coryphopterus glaucofraenum,15.51,21.71
Airport Point,1.7,AP1,Gobiidae,Coryphopterus,Coryphopterus glaucofraenum,15.63,21.72
Airport Point,1.7,AP1,Gobiidae,Coryphopterus,Coryphopterus glaucofraenum,15.98,23.89
Airport Point,1.7,AP1,Gobiidae,Coryphopterus,Coryphopterus glaucofraenum,17.06,28.35
Airport Point,1.7,AP1,Gobiidae,Coryphopterus,Coryphopterus glaucofraenum,17.74,.
Airport Point,1.7,AP1,Gobiidae,Coryphopterus,Coryphopterus glaucofraenum,19.89,18.63
Airport Point,1.7,AP1,Gobiidae,Coryphopterus,Coryphopterus glaucofraenum,22.37,.
Airport Point,1.7,AP1,Gobiidae,Risor,Risor ruber,15.24,13.57
Airport Point,1.7,AP1,Labridae,Halichoeres,Halichoeres bivittatus,11.29,.
Airport Point,1.7,AP1,Labridae,Halichoeres,Halichoeres bivittatus,18.59,28.12
Airport Point,1.7,AP1,Pomacentridae,Stegastes,Stegastes adustus,22.08,71.99
Airport Point,1.7,AP1,Pomacentridae,Stegastes,Stegastes adustus,29.91,.
Airport Point,1.7,AP1,Pomacentridae,Stegastes,Stegastes adustus,46.83,.
Airport Point,1.7,AP1,Pomacentridae,Stegastes,Stegastes adustus,55.82,.
Airport Point,5.5,AP2,Apogonidae,Apogon,Apogon binotatus,24.55,28.99
Airport Point,5.5,AP2,Apogonidae,Apogon,Apogon binotatus,28.64,37.48
Airport Point,5.5,AP2,Apogonidae,Apogon,Apogon binotatus,31.99,40.84
Airport Point,5.5,AP2,Apogonidae,Apogon,Apogon binotatus,41.49,51.27
Airport Point,5.5,AP2,Apogonidae,Apogon,Apogon binotatus,41.52,53.34
Airport Point,5.5,AP2,Apogonidae,Apogon,Apogon binotatus,45.45,59.65
Airport Point,5.5,AP2,Apogonidae,Phaeoptyx,Phaeoptyx pigmentaria,19.61,26.24
Airport Point,5.5,AP2,Apogonidae,Phaeoptyx,Phaeoptyx pigmentaria,21.8,27.97
Airport Point,5.5,AP2,Apogonidae,Phaeoptyx,Phaeoptyx pigmentaria,25.04,33.97
Airport Point,5.5,AP2,Bythitidae,Ogilbia,Ogilbia sp.,44.69,50.59
Airport Point,5.5,AP2,Gobiidae,Coryphopterus,Coryphopterus glaucofraenum,12.18,15.42
Airport Point,5.5,AP2,Gobiidae,Coryphopterus,Coryphopterus glaucofraenum,13.31,16.34
Airport Point,5.5,AP2,Gobiidae,Coryphopterus,Coryphopterus glaucofraenum,16.03,20.05
Airport Point,5.5,AP2,Gobiidae,Coryphopterus,Coryphopterus glaucofraenum,16.15,20.69
Airport Point,5.5,AP2,Gobiidae,Coryphopterus,Coryphopterus glaucofraenum,17.23,21.05
Airport Point,5.5,AP2,Gobiidae,Coryphopterus,Coryphopterus glaucofraenum,22.87,28.82
Airport Point,5.5,AP2,Gobiidae,Coryphopterus,Coryphopterus glaucofraenum,23.53,29.55
Airport Point,5.5,AP2,Gobiidae,Coryphopterus,Coryphopterus glaucofraenum,24.01,30.67
Airport Point,5.5,AP2,Gobiidae,Coryphopterus,Coryphopterus glaucofraenum,27.16,34.77
Airport Point,5.5,AP2,Gobiidae,Coryphopterus,Coryphopterus glaucofraenum,29.38,37.92
Airport Point,5.5,AP2,Gobiidae,Coryphopterus,Coryphopterus glaucofraenum,29.53,.
Airport Point,5.5,AP2,Gobiidae,Coryphopterus,Coryphopterus personatus,6.99,11.66
Airport Point,5.5,AP2,Gobiidae,Coryphopterus,Coryphopterus personatus,8.34,16.26
Airport Point,5.5,AP2,Gobiidae,Coryphopterus,Coryphopterus personatus,9.66,18.6
Airport Point,5.5,AP2,Gobiidae,Coryphopterus,Coryphopterus personatus,10.33,19.91
Airport Point,5.5,AP2,Gobiidae,Coryphopterus,Coryphopterus personatus,13.29,20.03
Airport Point,5.5,AP2,Gobiidae,Coryphopterus,Coryphopterus personatus,15.05,20.46
Airport Point,5.5,AP2,Gobiidae,Coryphopterus,Coryphopterus personatus,16.34,20.47
Airport Point,5.5,AP2,Gobiidae,Coryphopterus,Coryphopterus personatus,16.45,21.21
Airport Point,5.5,AP2,Gobiidae,Coryphopterus,Coryphopterus personatus,16.75,21.77
Airport Point,5.5,AP2,Gobiidae,Coryphopterus,Coryphopterus personatus,16.8,21.93
Airport Point,5.5,AP2,Gobiidae,Coryphopterus,Coryphopterus personatus,17.57,22.18
Airport Point,5.5,AP2,Gobiidae,Coryphopterus,Coryphopterus personatus,17.78,22.38
Airport Point,5.5,AP2,Gobiidae,Coryphopterus,Coryphopterus personatus,17.87,23.04
Airport Point,5.5,AP2,Gobiidae,Coryphopterus,Coryphopterus personatus,17.89,23.3
Airport Point,5.5,AP2,Gobiidae,Coryphopterus,Coryphopterus personatus,18.47,23.84
Airport Point,5.5,AP2,Gobiidae,Coryphopterus,Coryphopterus personatus,18.72,24.24
Airport Point,5.5,AP2,Gobiidae,Coryphopterus,Coryphopterus personatus,19.36,24.35
Airport Point,5.5,AP2,Gobiidae,Coryphopterus,Coryphopterus personatus,19.67,25.06
Airport Point,5.5,AP2,Gobiidae,Coryphopterus,Coryphopterus personatus,19.85,25.09
Airport Point,5.5,AP2,Gobiidae,Coryphopterus,Coryphopterus personatus,20,25.11
Airport Point,5.5,AP2,Gobiidae,Coryphopterus,Coryphopterus personatus,20.04,26.5
Airport Point,5.5,AP2,Gobiidae,Coryphopterus,Coryphopterus personatus,20.45,27.6
Airport Point,5.5,AP2,Gobiidae,Coryphopterus,Coryphopterus personatus,20.46,28.45
Airport Point,5.5,AP2,Gobiidae,Coryphopterus,Coryphopterus personatus,20.89,29.65
Airport Point,5.5,AP2,Gobiidae,Coryphopterus,Coryphopterus personatus,22.38,.
Airport Point,5.5,AP2,Gobiidae,Coryphopterus,Coryphopterus personatus,22.65,.
Airport Point,5.5,AP2,Gobiidae,Coryphopterus,Coryphopterus personatus,23.78,19.16
Airport Point,5.5,AP2,Gobiidae,Coryphopterus,Coryphopterus tortugae,15.56,.
Airport Point,5.5,AP2,Gobiidae,Coryphopterus,Coryphopterus tortugae,25.92,.
Airport Point,5.5,AP2,Pomacentridae,Stegastes,Stegastes partitus,32.24,53.03
Airport Point,5.5,AP2,Pomacentridae,Stegastes,Stegastes partitus,34.56,.
Airport Point,5.5,AP2,Pomacentridae,Stegastes,Stegastes partitus,38.85,75.09
Airport Point,5.5,AP2,Pomacentridae,Stegastes,Stegastes xanthurus,58,.
Airport Point,5.5,AP2,Labridae,Scarus,Scarus iseri,52.1,.
Airport Point,5.5,AP2,Labridae,Scarus,Scarus iseri,55.87,.
Airport Point,6.1,AP2,Apogonidae,Apogon,Apogon binotatus,31.61,45.55
Airport Point,6.1,AP2,Apogonidae,Apogon,Apogon binotatus,34.75,51.13
Airport Point,6.1,AP2,Apogonidae,Apogon,Apogon binotatus,34.91,53.72
Airport Point,6.1,AP2,Apogonidae,Apogon,Apogon binotatus,39.38,.
Airport Point,6.1,AP2,Apogonidae,Apogon,Apogon binotatus,40.55,24.94
Airport Point,6.1,AP2,Apogonidae,Phaeoptyx,Phaeoptyx pigmentaria,18.65,.
Airport Point,6.1,AP2,Apogonidae,Phaeoptyx,Phaeoptyx pigmentaria,24.91,37.69
Airport Point,6.1,AP2,Apogonidae,Phaeoptyx,Phaeoptyx xenus,28.65,.
Airport Point,6.1,AP2,Blenniidae,Parablennius,Parablennius marmoreus,28.2,.
Airport Point,6.1,AP2,Blenniidae,Parablennius,Parablennius marmoreus,30.46,.
Airport Point,6.1,AP2,Gobiidae,Coryphopterus,Coryphopterus glaucofraenum,12.24,24.27
Airport Point,6.1,AP2,Gobiidae,Coryphopterus,Coryphopterus glaucofraenum,13.53,24.37
Airport Point,6.1,AP2,Gobiidae,Coryphopterus,Coryphopterus glaucofraenum,17.59,26.96
Airport Point,6.1,AP2,Gobiidae,Coryphopterus,Coryphopterus glaucofraenum,19.16,28.74
Airport Point,6.1,AP2,Gobiidae,Coryphopterus,Coryphopterus glaucofraenum,19.81,29.72
Airport Point,6.1,AP2,Gobiidae,Coryphopterus,Coryphopterus glaucofraenum,21.77,29.87
Airport Point,6.1,AP2,Gobiidae,Coryphopterus,Coryphopterus glaucofraenum,23.1,31.35
Airport Point,6.1,AP2,Gobiidae,Coryphopterus,Coryphopterus glaucofraenum,23.61,34.23
Airport Point,6.1,AP2,Gobiidae,Coryphopterus,Coryphopterus glaucofraenum,23.67,34.99
Airport Point,6.1,AP2,Gobiidae,Coryphopterus,Coryphopterus glaucofraenum,24.88,35.22
Airport Point,6.1,AP2,Gobiidae,Coryphopterus,Coryphopterus glaucofraenum,27.32,35.81
Airport Point,6.1,AP2,Gobiidae,Coryphopterus,Coryphopterus glaucofraenum,28.15,35.85
Airport Point,6.1,AP2,Gobiidae,Coryphopterus,Coryphopterus glaucofraenum,28.56,36.78
Airport Point,6.1,AP2,Gobiidae,Coryphopterus,Coryphopterus glaucofraenum,28.57,36.95
Airport Point,6.1,AP2,Gobiidae,Coryphopterus,Coryphopterus glaucofraenum,29.09,37.1
Airport Point,6.1,AP2,Gobiidae,Coryphopterus,Coryphopterus glaucofraenum,29.15,39.71
Airport Point,6.1,AP2,Gobiidae,Coryphopterus,Coryphopterus glaucofraenum,29.82,41.17
Airport Point,6.1,AP2,Gobiidae,Coryphopterus,Coryphopterus glaucofraenum,29.91,41.43
Airport Point,6.1,AP2,Gobiidae,Coryphopterus,Coryphopterus glaucofraenum,31.39,41.6
Airport Point,6.1,AP2,Gobiidae,Coryphopterus,Coryphopterus glaucofraenum,32.32,42.13
Airport Point,6.1,AP2,Gobiidae,Coryphopterus,Coryphopterus glaucofraenum,32.74,43.1
Airport Point,6.1,AP2,Gobiidae,Coryphopterus,Coryphopterus glaucofraenum,33,.
Airport Point,6.1,AP2,Gobiidae,Coryphopterus,Coryphopterus glaucofraenum,33.09,.
Airport Point,6.1,AP2,Gobiidae,Coryphopterus,Coryphopterus glaucofraenum,33.22,12.15
Airport Point,6.1,AP2,Gobiidae,Coryphopterus,Coryphopterus glaucofraenum,34.77,13.5
Airport Point,6.1,AP2,Gobiidae,Coryphopterus,Coryphopterus personatus,9.87,15.02
Airport Point,6.1,AP2,Gobiidae,Coryphopterus,Coryphopterus personatus,11.61,15.31
Airport Point,6.1,AP2,Gobiidae,Coryphopterus,Coryphopterus personatus,11.99,15.49
Airport Point,6.1,AP2,Gobiidae,Coryphopterus,Coryphopterus personatus,12.07,16.76
Airport Point,6.1,AP2,Gobiidae,Coryphopterus,Coryphopterus personatus,12.5,17.11
Airport Point,6.1,AP2,Gobiidae,Coryphopterus,Coryphopterus personatus,12.6,17.63
Airport Point,6.1,AP2,Gobiidae,Coryphopterus,Coryphopterus personatus,13.38,17.92
Airport Point,6.1,AP2,Gobiidae,Coryphopterus,Coryphopterus personatus,14.32,17.97
Airport Point,6.1,AP2,Gobiidae,Coryphopterus,Coryphopterus personatus,14.39,18.21
Airport Point,6.1,AP2,Gobiidae,Coryphopterus,Coryphopterus personatus,14.41,18.23
Airport Point,6.1,AP2,Gobiidae,Coryphopterus,Coryphopterus personatus,14.73,18.51
Airport Point,6.1,AP2,Gobiidae,Coryphopterus,Coryphopterus personatus,15.01,18.52
Airport Point,6.1,AP2,Gobiidae,Coryphopterus,Coryphopterus personatus,15.15,18.53
Airport Point,6.1,AP2,Gobiidae,Coryphopterus,Coryphopterus personatus,15.16,18.79
Airport Point,6.1,AP2,Gobiidae,Coryphopterus,Coryphopterus personatus,15.34,18.88
Airport Point,6.1,AP2,Gobiidae,Coryphopterus,Coryphopterus personatus,15.38,18.95
Airport Point,6.1,AP2,Gobiidae,Coryphopterus,Coryphopterus personatus,15.5,19.1
Airport Point,6.1,AP2,Gobiidae,Coryphopterus,Coryphopterus personatus,15.6,19.71
Airport Point,6.1,AP2,Gobiidae,Coryphopterus,Coryphopterus personatus,15.66,19.85
Airport Point,6.1,AP2,Gobiidae,Coryphopterus,Coryphopterus personatus,15.78,19.96
Airport Point,6.1,AP2,Gobiidae,Coryphopterus,Coryphopterus personatus,15.97,19.97
Airport Point,6.1,AP2,Gobiidae,Coryphopterus,Coryphopterus personatus,16.09,20.43
Airport Point,6.1,AP2,Gobiidae,Coryphopterus,Coryphopterus personatus,16.3,20.48
Airport Point,6.1,AP2,Gobiidae,Coryphopterus,Coryphopterus personatus,16.55,20.52
Airport Point,6.1,AP2,Gobiidae,Coryphopterus,Coryphopterus personatus,16.73,20.68
Airport Point,6.1,AP2,Gobiidae,Coryphopterus,Coryphopterus personatus,16.75,20.95
Airport Point,6.1,AP2,Gobiidae,Coryphopterus,Coryphopterus personatus,16.86,21.32
Airport Point,6.1,AP2,Gobiidae,Coryphopterus,Coryphopterus personatus,16.95,21.47
Airport Point,6.1,AP2,Gobiidae,Coryphopterus,Coryphopterus personatus,17.04,21.57
Airport Point,6.1,AP2,Gobiidae,Coryphopterus,Coryphopterus personatus,17.17,21.61
Airport Point,6.1,AP2,Gobiidae,Coryphopterus,Coryphopterus personatus,17.41,21.62
Airport Point,6.1,AP2,Gobiidae,Coryphopterus,Coryphopterus personatus,17.6,21.64
Airport Point,6.1,AP2,Gobiidae,Coryphopterus,Coryphopterus personatus,17.64,21.65
Airport Point,6.1,AP2,Gobiidae,Coryphopterus,Coryphopterus personatus,17.65,21.67
Airport Point,6.1,AP2,Gobiidae,Coryphopterus,Coryphopterus personatus,17.66,21.74
Airport Point,6.1,AP2,Gobiidae,Coryphopterus,Coryphopterus personatus,17.68,21.77
Airport Point,6.1,AP2,Gobiidae,Coryphopterus,Coryphopterus personatus,17.79,21.79
Airport Point,6.1,AP2,Gobiidae,Coryphopterus,Coryphopterus personatus,17.83,21.86
Airport Point,6.1,AP2,Gobiidae,Coryphopterus,Coryphopterus personatus,17.85,21.92
Airport Point,6.1,AP2,Gobiidae,Coryphopterus,Coryphopterus personatus,17.9,22.15
Airport Point,6.1,AP2,Gobiidae,Coryphopterus,Coryphopterus personatus,17.96,22.17
Airport Point,6.1,AP2,Gobiidae,Coryphopterus,Coryphopterus personatus,18.25,22.54
Airport Point,6.1,AP2,Gobiidae,Coryphopterus,Coryphopterus personatus,18.27,22.58
Airport Point,6.1,AP2,Gobiidae,Coryphopterus,Coryphopterus personatus,18.28,22.6
Airport Point,6.1,AP2,Gobiidae,Coryphopterus,Coryphopterus personatus,18.46,22.7
Airport Point,6.1,AP2,Gobiidae,Coryphopterus,Coryphopterus personatus,18.57,22.82
Airport Point,6.1,AP2,Gobiidae,Coryphopterus,Coryphopterus personatus,18.6,22.83
Airport Point,6.1,AP2,Gobiidae,Coryphopterus,Coryphopterus personatus,18.65,22.88
Airport Point,6.1,AP2,Gobiidae,Coryphopterus,Coryphopterus personatus,18.72,22.89
Airport Point,6.1,AP2,Gobiidae,Coryphopterus,Coryphopterus personatus,18.73,22.92
Airport Point,6.1,AP2,Gobiidae,Coryphopterus,Coryphopterus personatus,18.75,22.94
Airport Point,6.1,AP2,Gobiidae,Coryphopterus,Coryphopterus personatus,18.89,23.08
Airport Point,6.1,AP2,Gobiidae,Coryphopterus,Coryphopterus personatus,18.91,23.09
Airport Point,6.1,AP2,Gobiidae,Coryphopterus,Coryphopterus personatus,18.93,23.13
Airport Point,6.1,AP2,Gobiidae,Coryphopterus,Coryphopterus personatus,18.99,23.22
Airport Point,6.1,AP2,Gobiidae,Coryphopterus,Coryphopterus personatus,19.03,23.23
Airport Point,6.1,AP2,Gobiidae,Coryphopterus,Coryphopterus personatus,19.12,23.29
Airport Point,6.1,AP2,Gobiidae,Coryphopterus,Coryphopterus personatus,19.13,23.3
Airport Point,6.1,AP2,Gobiidae,Coryphopterus,Coryphopterus personatus,19.22,23.45
Airport Point,6.1,AP2,Gobiidae,Coryphopterus,Coryphopterus personatus,19.25,23.48
Airport Point,6.1,AP2,Gobiidae,Coryphopterus,Coryphopterus personatus,19.27,23.59
Airport Point,6.1,AP2,Gobiidae,Coryphopterus,Coryphopterus personatus,19.37,23.6
Airport Point,6.1,AP2,Gobiidae,Coryphopterus,Coryphopterus personatus,19.38,23.74
Airport Point,6.1,AP2,Gobiidae,Coryphopterus,Coryphopterus personatus,19.41,23.75
Airport Point,6.1,AP2,Gobiidae,Coryphopterus,Coryphopterus personatus,19.44,23.79
Airport Point,6.1,AP2,Gobiidae,Coryphopterus,Coryphopterus personatus,19.45,23.84
Airport Point,6.1,AP2,Gobiidae,Coryphopterus,Coryphopterus personatus,19.46,23.92
Airport Point,6.1,AP2,Gobiidae,Coryphopterus,Coryphopterus personatus,19.59,24.23
Airport Point,6.1,AP2,Gobiidae,Coryphopterus,Coryphopterus personatus,19.66,24.3
Airport Point,6.1,AP2,Gobiidae,Coryphopterus,Coryphopterus personatus,19.67,24.55
Airport Point,6.1,AP2,Gobiidae,Coryphopterus,Coryphopterus personatus,19.69,24.57
Airport Point,6.1,AP2,Gobiidae,Coryphopterus,Coryphopterus personatus,19.73,24.58
Airport Point,6.1,AP2,Gobiidae,Coryphopterus,Coryphopterus personatus,19.79,24.72
Airport Point,6.1,AP2,Gobiidae,Coryphopterus,Coryphopterus personatus,19.89,24.97
Airport Point,6.1,AP2,Gobiidae,Coryphopterus,Coryphopterus personatus,19.9,25.02
Airport Point,6.1,AP2,Gobiidae,Coryphopterus,Coryphopterus personatus,19.93,25.17
Airport Point,6.1,AP2,Gobiidae,Coryphopterus,Coryphopterus personatus,19.95,25.55
Airport Point,6.1,AP2,Gobiidae,Coryphopterus,Coryphopterus personatus,20.02,25.65
Airport Point,6.1,AP2,Gobiidae,Coryphopterus,Coryphopterus personatus,20.2,25.86
Airport Point,6.1,AP2,Gobiidae,Coryphopterus,Coryphopterus personatus,20.44,25.94
Airport Point,6.1,AP2,Gobiidae,Coryphopterus,Coryphopterus personatus,20.49,26.02
Airport Point,6.1,AP2,Gobiidae,Coryphopterus,Coryphopterus personatus,20.69,26.14
Airport Point,6.1,AP2,Gobiidae,Coryphopterus,Coryphopterus personatus,20.72,26.22
Airport Point,6.1,AP2,Gobiidae,Coryphopterus,Coryphopterus personatus,20.83,26.55
Airport Point,6.1,AP2,Gobiidae,Coryphopterus,Coryphopterus personatus,20.99,26.69
Airport Point,6.1,AP2,Gobiidae,Coryphopterus,Coryphopterus personatus,21.09,26.8
Airport Point,6.1,AP2,Gobiidae,Coryphopterus,Coryphopterus personatus,21.2,27.02
Airport Point,6.1,AP2,Gobiidae,Coryphopterus,Coryphopterus personatus,21.45,27.57
Airport Point,6.1,AP2,Gobiidae,Coryphopterus,Coryphopterus personatus,21.6,28.37
Airport Point,6.1,AP2,Gobiidae,Coryphopterus,Coryphopterus personatus,21.81,28.67
Airport Point,6.1,AP2,Gobiidae,Coryphopterus,Coryphopterus personatus,21.84,29.35
Airport Point,6.1,AP2,Gobiidae,Coryphopterus,Coryphopterus personatus,21.87,30.12
Airport Point,6.1,AP2,Gobiidae,Coryphopterus,Coryphopterus personatus,21.92,.
Airport Point,6.1,AP2,Gobiidae,Coryphopterus,Coryphopterus personatus,21.99,.
Airport Point,6.1,AP2,Gobiidae,Coryphopterus,Coryphopterus personatus,22.17,37.05
Airport Point,6.1,AP2,Gobiidae,Coryphopterus,Coryphopterus personatus,23.34,39.61
Airport Point,6.1,AP2,Gobiidae,Coryphopterus,Coryphopterus personatus,23.36,.
Airport Point,6.1,AP2,Gobiidae,Coryphopterus,Coryphopterus personatus,23.63,45.92
Airport Point,6.1,AP2,Gobiidae,Coryphopterus,Coryphopterus personatus,24.34,.
Airport Point,6.1,AP2,Gobiidae,Coryphopterus,Coryphopterus tortugae,29.77,.
Airport Point,6.1,AP2,Gobiidae,Coryphopterus,Coryphopterus tortugae,31.05,12.83
Airport Point,6.1,AP2,Gobiidae,Gnatholepis,Gnatholepis thompsoni,36.48,21.87
Airport Point,6.1,AP2,Gobiidae,Lythrypnus,Lythrypnus spilus,13.83,.
Airport Point,6.1,AP2,Gobiidae,Risor,Risor ruber,10.05,.
Airport Point,6.1,AP2,Gobiidae,Tigrigobius,Tigrigobius saucrus,18.46,.
Airport Point,6.1,AP2,Pomacentridae,Stegastes,Stegastes partitus,31.91,69.57
Airport Point,6.1,AP2,Pomacentridae,Stegastes,Stegastes xanthurus,16.28,.
Airport Point,6.1,AP2,Labridae,Scarus,Scarus iseri,23.5,40.71
Airport Point,6.1,AP2,Labridae,Scarus,Scarus iseri,56.46,.
Airport Point,6.1,AP2,Labridae,Scarus,Scarus iseri,60.88,.
Airport Point,6.1,AP2,Serranidae,Serranus,Serranus flaviventris,20.77,46.42
Airport Point,6.1,AP2,Serranidae,Serranus,Serranus flaviventris,33.71,.
Cayo Adriana,4.1,CA1,Apogonidae,Apogon,Apogon binotatus,32.6,.
Cayo Adriana,4.1,CA1,Apogonidae,Apogon,Apogon binotatus,37.7,10.26
Cayo Adriana,4.1,CA1,Bythitidae,Ogilbia,Ogilbia sp.,31.52,21.22
Cayo Adriana,4.1,CA1,Gobiidae,Coryphopterus,Coryphopterus personatus,8.54,.
Cayo Adriana,4.1,CA1,Gobiidae,Coryphopterus,Coryphopterus personatus,14.3,.
Cayo Adriana,4.1,CA1,Gobiidae,Coryphopterus,Coryphopterus personatus,16.22,27.88
Cayo Adriana,4.1,CA1,Gobiidae,Coryphopterus,Coryphopterus personatus,17.18,.
Cayo Adriana,4.1,CA1,Gobiidae,Coryphopterus,Coryphopterus personatus,21.76,.
Cayo Adriana,4.1,CA1,Gobiidae,Coryphopterus,Coryphopterus personatus,22.76,55.82
Cayo Adriana,4.1,CA1,Labrisomidae,Starksia,Starksia sp.,22.83,.
Cayo Adriana,4.1,CA1,Pomacentridae,Stegastes,Stegastes partitus,43.08,.
Cayo Adriana,4.1,CA1,Pomacentridae,Stegastes,Stegastes partitus,53.42,24.18
Cayo Adriana,5.9,CA1,Apogonidae,Apogon,Apogon binotatus,27.44,.
Cayo Adriana,5.9,CA1,Apogonidae,Phaeoptyx,Phaeoptyx xenus,19.28,14.44
Cayo Adriana,5.9,CA1,Bythitidae,Ogilbia,Ogilbia sp.,34,18.18
Cayo Adriana,5.9,CA1,Gobiidae,Coryphopterus,Coryphopterus personatus,11.4,20.5
Cayo Adriana,5.9,CA1,Gobiidae,Coryphopterus,Coryphopterus personatus,12.06,20.8
Cayo Adriana,5.9,CA1,Gobiidae,Coryphopterus,Coryphopterus personatus,13.4,21
Cayo Adriana,5.9,CA1,Gobiidae,Coryphopterus,Coryphopterus personatus,14.44,22.5
Cayo Adriana,5.9,CA1,Gobiidae,Coryphopterus,Coryphopterus personatus,15.3,23.5
Cayo Adriana,5.9,CA1,Gobiidae,Coryphopterus,Coryphopterus personatus,16.1,24.9
Cayo Adriana,5.9,CA1,Gobiidae,Coryphopterus,Coryphopterus personatus,16.7,25.14
Cayo Adriana,5.9,CA1,Gobiidae,Coryphopterus,Coryphopterus personatus,17.34,25.88
Cayo Adriana,5.9,CA1,Gobiidae,Coryphopterus,Coryphopterus personatus,18.34,26.22
Cayo Adriana,5.9,CA1,Gobiidae,Coryphopterus,Coryphopterus personatus,19.9,.
Cayo Adriana,5.9,CA1,Gobiidae,Coryphopterus,Coryphopterus personatus,20.78,17.44
Cayo Adriana,5.9,CA1,Gobiidae,Coryphopterus,Coryphopterus personatus,20.86,18.48
Cayo Adriana,5.9,CA1,Gobiidae,Coryphopterus,Coryphopterus personatus,21.14,21.04
Cayo Adriana,5.9,CA1,Gobiidae,Coryphopterus,Coryphopterus tortugae,14.08,30.32
Cayo Adriana,5.9,CA1,Gobiidae,Coryphopterus,Coryphopterus tortugae,15.1,33.5
Cayo Adriana,5.9,CA1,Gobiidae,Coryphopterus,Coryphopterus tortugae,17.22,.
Cayo Adriana,5.9,CA1,Gobiidae,Coryphopterus,Coryphopterus tortugae,22.4,.
Cayo Adriana,5.9,CA1,Gobiidae,Coryphopterus,Coryphopterus tortugae,24.68,.
Cayo Adriana,5.9,CA1,Gobiidae,Coryphopterus,Coryphopterus tortugae,26.74,15.92
Casa Blanca,2.5,CB1,Chaenopsidae,Emblemariopsis,Emblemariopsis sp.,14,.
Casa Blanca,2.5,CB1,Gobiidae,Risor,Risor ruber,12.41,.
Casa Blanca,2.5,CB1,Labrisomidae,Labrisomus,Labrisomus sp.,31.81,36.94
Casa Blanca,2.5,CB1,Pomacentridae,Stegastes,Stegastes planifrons,14.54,.
Casa Blanca,2.5,CB1,Pomacentridae,Stegastes,Stegastes planifrons,28.17,.
Casa Blanca,2.5,CB1,Pomacentridae,Stegastes,Stegastes planifrons,72.6,91.8
Casa Blanca,2.5,CB1,Pomacentridae,Stegastes,Stegastes planifrons,73.01,.
Casa Blanca,2.5,CB1,Serranidae,Hypoplectrus,Hypoplectrus nigricans,75.75,24.65
Casa Blanca,4.3,CB1,Apogonidae,Apogon,Apogon binotatus,19.16,17.77
Casa Blanca,4.3,CB1,Apogonidae,Apogon,Apogon binotatus,21.11,33.83
Casa Blanca,4.3,CB1,Apogonidae,Apogon,Apogon binotatus,31.27,41.66
Casa Blanca,4.3,CB1,Apogonidae,Phaeoptyx,Phaeoptyx xenus,14.46,.
Casa Blanca,4.3,CB1,Apogonidae,Phaeoptyx,Phaeoptyx xenus,26.26,16.63
Casa Blanca,4.3,CB1,Apogonidae,Phaeoptyx,Phaeoptyx xenus,31.55,.
Casa Blanca,4.3,CB1,Blenniidae,Parablennius,Parablennius marmoreus,14.48,14.89
Casa Blanca,4.3,CB1,Gobiidae,Coryphopterus,Coryphopterus glaucofraenum,8.43,18.97
Casa Blanca,4.3,CB1,Gobiidae,Coryphopterus,Coryphopterus glaucofraenum,12.13,20.18
Casa Blanca,4.3,CB1,Gobiidae,Coryphopterus,Coryphopterus glaucofraenum,13.66,29.98
Casa Blanca,4.3,CB1,Gobiidae,Coryphopterus,Coryphopterus glaucofraenum,14.5,32.76
Casa Blanca,4.3,CB1,Gobiidae,Coryphopterus,Coryphopterus glaucofraenum,15.64,34.27
Casa Blanca,4.3,CB1,Gobiidae,Coryphopterus,Coryphopterus glaucofraenum,16.06,.
Casa Blanca,4.3,CB1,Gobiidae,Coryphopterus,Coryphopterus glaucofraenum,23.12,11.53
Casa Blanca,4.3,CB1,Gobiidae,Coryphopterus,Coryphopterus glaucofraenum,25.75,12.05
Casa Blanca,4.3,CB1,Gobiidae,Coryphopterus,Coryphopterus glaucofraenum,26.17,12.3
Casa Blanca,4.3,CB1,Gobiidae,Coryphopterus,Coryphopterus personatus,9.8,12.85
Casa Blanca,4.3,CB1,Gobiidae,Coryphopterus,Coryphopterus personatus,10.24,13.6
Casa Blanca,4.3,CB1,Gobiidae,Coryphopterus,Coryphopterus personatus,10.44,14.06
Casa Blanca,4.3,CB1,Gobiidae,Coryphopterus,Coryphopterus personatus,10.64,14.15
Casa Blanca,4.3,CB1,Gobiidae,Coryphopterus,Coryphopterus personatus,10.9,14.6
Casa Blanca,4.3,CB1,Gobiidae,Coryphopterus,Coryphopterus personatus,11.55,14.8
Casa Blanca,4.3,CB1,Gobiidae,Coryphopterus,Coryphopterus personatus,11.89,14.82
Casa Blanca,4.3,CB1,Gobiidae,Coryphopterus,Coryphopterus personatus,11.91,14.84
Casa Blanca,4.3,CB1,Gobiidae,Coryphopterus,Coryphopterus personatus,12.36,14.86
Casa Blanca,4.3,CB1,Gobiidae,Coryphopterus,Coryphopterus personatus,12.47,15.4
Casa Blanca,4.3,CB1,Gobiidae,Coryphopterus,Coryphopterus personatus,12.57,15.52
Casa Blanca,4.3,CB1,Gobiidae,Coryphopterus,Coryphopterus personatus,12.58,15.96
Casa Blanca,4.3,CB1,Gobiidae,Coryphopterus,Coryphopterus personatus,12.7,16.21
Casa Blanca,4.3,CB1,Gobiidae,Coryphopterus,Coryphopterus personatus,12.99,16.23
Casa Blanca,4.3,CB1,Gobiidae,Coryphopterus,Coryphopterus personatus,13.01,16.54
Casa Blanca,4.3,CB1,Gobiidae,Coryphopterus,Coryphopterus personatus,13.28,16.56
Casa Blanca,4.3,CB1,Gobiidae,Coryphopterus,Coryphopterus personatus,13.45,16.57
Casa Blanca,4.3,CB1,Gobiidae,Coryphopterus,Coryphopterus personatus,13.61,16.71
Casa Blanca,4.3,CB1,Gobiidae,Coryphopterus,Coryphopterus personatus,13.64,17.02
Casa Blanca,4.3,CB1,Gobiidae,Coryphopterus,Coryphopterus personatus,13.76,17.11
Casa Blanca,4.3,CB1,Gobiidae,Coryphopterus,Coryphopterus personatus,14.07,17.13
Casa Blanca,4.3,CB1,Gobiidae,Coryphopterus,Coryphopterus personatus,14.08,17.15
Casa Blanca,4.3,CB1,Gobiidae,Coryphopterus,Coryphopterus personatus,14.12,17.18
Casa Blanca,4.3,CB1,Gobiidae,Coryphopterus,Coryphopterus personatus,14.15,17.22
Casa Blanca,4.3,CB1,Gobiidae,Coryphopterus,Coryphopterus personatus,14.21,17.33
Casa Blanca,4.3,CB1,Gobiidae,Coryphopterus,Coryphopterus personatus,14.42,17.41
Casa Blanca,4.3,CB1,Gobiidae,Coryphopterus,Coryphopterus personatus,14.56,17.43
Casa Blanca,4.3,CB1,Gobiidae,Coryphopterus,Coryphopterus personatus,14.61,17.45
Casa Blanca,4.3,CB1,Gobiidae,Coryphopterus,Coryphopterus personatus,14.64,17.5
Casa Blanca,4.3,CB1,Gobiidae,Coryphopterus,Coryphopterus personatus,14.74,17.73
Casa Blanca,4.3,CB1,Gobiidae,Coryphopterus,Coryphopterus personatus,14.76,18.29
Casa Blanca,4.3,CB1,Gobiidae,Coryphopterus,Coryphopterus personatus,15.06,18.48
Casa Blanca,4.3,CB1,Gobiidae,Coryphopterus,Coryphopterus personatus,15.4,18.61
Casa Blanca,4.3,CB1,Gobiidae,Coryphopterus,Coryphopterus personatus,15.45,18.74
Casa Blanca,4.3,CB1,Gobiidae,Coryphopterus,Coryphopterus personatus,15.61,18.77
Casa Blanca,4.3,CB1,Gobiidae,Coryphopterus,Coryphopterus personatus,15.74,18.84
Casa Blanca,4.3,CB1,Gobiidae,Coryphopterus,Coryphopterus personatus,15.82,18.9
Casa Blanca,4.3,CB1,Gobiidae,Coryphopterus,Coryphopterus personatus,15.83,19.08
Casa Blanca,4.3,CB1,Gobiidae,Coryphopterus,Coryphopterus personatus,15.84,19.32
Casa Blanca,4.3,CB1,Gobiidae,Coryphopterus,Coryphopterus personatus,15.95,19.38
Casa Blanca,4.3,CB1,Gobiidae,Coryphopterus,Coryphopterus personatus,16.24,19.42
Casa Blanca,4.3,CB1,Gobiidae,Coryphopterus,Coryphopterus personatus,16.25,19.93
Casa Blanca,4.3,CB1,Gobiidae,Coryphopterus,Coryphopterus personatus,16.26,20.02
Casa Blanca,4.3,CB1,Gobiidae,Coryphopterus,Coryphopterus personatus,16.3,20.09
Casa Blanca,4.3,CB1,Gobiidae,Coryphopterus,Coryphopterus personatus,16.49,20.12
Casa Blanca,4.3,CB1,Gobiidae,Coryphopterus,Coryphopterus personatus,16.5,20.14
Casa Blanca,4.3,CB1,Gobiidae,Coryphopterus,Coryphopterus personatus,16.58,20.16
Casa Blanca,4.3,CB1,Gobiidae,Coryphopterus,Coryphopterus personatus,16.69,20.18
Casa Blanca,4.3,CB1,Gobiidae,Coryphopterus,Coryphopterus personatus,16.73,20.27
Casa Blanca,4.3,CB1,Gobiidae,Coryphopterus,Coryphopterus personatus,16.79,20.29
Casa Blanca,4.3,CB1,Gobiidae,Coryphopterus,Coryphopterus personatus,16.87,20.38
Casa Blanca,4.3,CB1,Gobiidae,Coryphopterus,Coryphopterus personatus,16.91,20.39
Casa Blanca,4.3,CB1,Gobiidae,Coryphopterus,Coryphopterus personatus,16.95,20.64
Casa Blanca,4.3,CB1,Gobiidae,Coryphopterus,Coryphopterus personatus,17.07,20.85
Casa Blanca,4.3,CB1,Gobiidae,Coryphopterus,Coryphopterus personatus,17.5,21.01
Casa Blanca,4.3,CB1,Gobiidae,Coryphopterus,Coryphopterus personatus,17.51,22.07
Casa Blanca,4.3,CB1,Gobiidae,Coryphopterus,Coryphopterus personatus,17.52,22.97
Casa Blanca,4.3,CB1,Gobiidae,Coryphopterus,Coryphopterus personatus,17.59,22.99
Casa Blanca,4.3,CB1,Gobiidae,Coryphopterus,Coryphopterus personatus,18.29,23.72
Casa Blanca,4.3,CB1,Gobiidae,Coryphopterus,Coryphopterus personatus,19.04,23.95
Casa Blanca,4.3,CB1,Gobiidae,Coryphopterus,Coryphopterus personatus,19.34,24.82
Casa Blanca,4.3,CB1,Gobiidae,Coryphopterus,Coryphopterus personatus,19.49,25.21
Casa Blanca,4.3,CB1,Gobiidae,Coryphopterus,Coryphopterus personatus,19.79,25.86
Casa Blanca,4.3,CB1,Gobiidae,Coryphopterus,Coryphopterus personatus,20.17,26.09
Casa Blanca,4.3,CB1,Gobiidae,Coryphopterus,Coryphopterus personatus,20.47,26.14
Casa Blanca,4.3,CB1,Gobiidae,Coryphopterus,Coryphopterus personatus,20.58,26.16
Casa Blanca,4.3,CB1,Gobiidae,Coryphopterus,Coryphopterus personatus,20.97,26.23
Casa Blanca,4.3,CB1,Gobiidae,Coryphopterus,Coryphopterus personatus,21.12,26.28
Casa Blanca,4.3,CB1,Gobiidae,Coryphopterus,Coryphopterus personatus,21.13,26.5
Casa Blanca,4.3,CB1,Gobiidae,Coryphopterus,Coryphopterus personatus,21.29,26.94
Casa Blanca,4.3,CB1,Gobiidae,Coryphopterus,Coryphopterus personatus,21.86,27.41
Casa Blanca,4.3,CB1,Gobiidae,Coryphopterus,Coryphopterus personatus,21.93,27.62
Casa Blanca,4.3,CB1,Gobiidae,Coryphopterus,Coryphopterus personatus,22.14,.
Casa Blanca,4.3,CB1,Gobiidae,Coryphopterus,Coryphopterus personatus,22.5,.
Casa Blanca,4.3,CB1,Gobiidae,Coryphopterus,Coryphopterus personatus,22.79,14.81
Casa Blanca,4.3,CB1,Gobiidae,Coryphopterus,Coryphopterus personatus,23.06,19.94
Casa Blanca,4.3,CB1,Gobiidae,Coryphopterus,Coryphopterus tortugae,12.22,50.5
Casa Blanca,4.3,CB1,Gobiidae,Coryphopterus,Coryphopterus tortugae,16.58,.
Casa Blanca,4.3,CB1,Gobiidae,Gnatholepis,Gnatholepis thompsoni,38.63,17.32
Casa Blanca,4.3,CB1,Gobiidae,Risor,Risor ruber,11.66,.
Casa Blanca,4.3,CB1,Gobiidae,Risor,Risor ruber,14.73,13.19
Casa Blanca,4.3,CB1,Gobiidae,Risor,Risor ruber,18.59,.
Casa Blanca,4.3,CB1,Gobiidae,Tigrigobius,Tigrigobius saucrus,10.99,91.8
Casa Blanca,4.3,CB1,Pomacentridae,Stegastes,Stegastes planifrons,69.41,.
Casa Blanca,4.3,CB1,Pomacentridae,Stegastes,Stegastes planifrons,77.13,.
