Family,Genus,Species,Diet,Position
Acanthuridae,Acanthurus,Acanthurus bahianus,HerDet,BtPlDw
Acanthuridae,Acanthurus,Acanthurus chirurgus,HerDet,BtPlDw
Acanthuridae,Acanthurus,Acanthurus coeruleus,HerDet,BtPlDw
Acanthuridae,Acanthurus,Acanthurus tractus,HerDet,BtPlDw
Apogonidae,Apogon,Apogon binotatus,Plktiv,BtPlDw
Apogonidae,Phaeoptyx,Phaeoptyx xenus,Plktiv,BtPlDw
Apogonidae,Phaeoptyx,Phaeoptyx pigmentaria,Plktiv,BtPlDw
Aulostomidae,Aulostomus,Aulostomus maculatus,FisCep,BnthDw
Batrachoididae,Amphichthys,Amphichthys cryptocentrus,InvMob,BnthDw
Batrachoididae,Batrachoididae,Batrachoididae spp.,InvMob,BnthDw
Blenniidae,Parablennius,Parablennius marmoreus,Omnivr,BnthDw
Bythitidae,Ogilbia,Ogilbia sp.,InvMob,BnthDw
Carangidae,Decapterus,Decapterus punctatus,FisCep,PelgAs
Carangidae,Caranx,Caranx ruber,FisCep,PelgAs
Carangidae,Caranx,Caranx crysos,FisCep,PelgAs
Carangidae,Decapterus,Decapterus macarellus,FisCep,PelgAs
Chaenopsidae,Lucayablennius,Lucayablennius zingaro,Omnivr,BnthDw
Chaenopsidae,Emblemariopsis,Emblemariopsis signifer,Omnivr,BnthDw
Chaenopsidae,Emblemariopsis,Emblemariopsis sp.,Omnivr,BnthDw
Chaenopsidae,Hemiemblemaria,Hemiemblemaria simulus,Omnivr,BnthDw
Chaetodontidae,Chaetodon,Chaetodon capistratus,InvSes,BnthDw
Chaetodontidae,Chaetodon,Chaetodon ocellatus,InvSes,BnthDw
Chaetodontidae,Chaetodon,Chaetodon striatus,InvSes,BnthDw
Clupeidae,Jenkinsia,Jenkinsia lamprotaenia,Plktiv,PelgAs
Clupeidae,Clupeidae,Clupeidae spp.,Plktiv,PelgAs
Diodontidae,Diodon,Diodon hystrix,InvMob,BnthDw
Ephippidae,Chaetodipterus,Chaetodipterus faber,Omnivr,BnthDw
Gerreidae,Gerres,Gerres cinereus,InvMob,BnthDw
Gobiidae,Coryphopterus,Coryphopterus glaucofraenum,Omnivr,BnthDw
Gobiidae,Coryphopterus,Coryphopterus personatus,Plktiv,BnthDw
Gobiidae,Coryphopterus,Coryphopterus eidolon,Omnivr,BnthDw
Gobiidae,Coryphopterus,Coryphopterus tortugae,Omnivr,BnthDw
Gobiidae,Elacatinus,Elacatinus saucrus,Omnivr,BnthDw
Gobiidae,Elacatinus,Elacatinus xanthiprora,Omnivr,BnthDw
Gobiidae,Gnatholepis,Gnatholepis thompsoni,Omnivr,BnthDw
Gobiidae,Elacatinus,Elacatinus spp.,Omnivr,BnthDw
Gobiidae,Microgobius,Microgobius microlepis,Omnivr,BnthDw
Gobiidae,Elacatinus,Elacatinus illecebrosus,Omnivr,BnthDw
Gobiidae,Tigrigobius,Tigrigobius saucrus,Omnivr,BnthDw
Gobiidae,Coryphopterus,Coryphopterus dicrus,Omnivr,BnthDw
Gobiidae,Risor,Risor ruber,Omnivr,BnthDw
Gobiidae,Lythrypnus,Lythrypnus spilus,InvMob,BnthDw
Grammatidae,Gramma,Gramma loreto,InvMob,BtPlDw
Haemulidae,Haemulon,Haemulon plumierii,InvMob,BtPlDw
Haemulidae,Haemulon,Haemulon flavolineatum,InvMob,BtPlDw
Haemulidae,Haemulon,Haemulon spp.,InvMob,BtPlDw
Haemulidae,Haemulon,Haemulon aurolineatum,InvMob,BtPlDw
Haemulidae,Haemulon,Haemulon steindachneri,InvMob,BtPlDw
Haemulidae,Haemulon,Haemulon macrostomum,InvMob,BtPlDw
Haemulidae,Anisotremus,Anisotremus virginicus,InvMob,BtPlDw
Haemulidae,Haemulon,Haemulon carbonarium,InvMob,BtPlDw
Haemulidae,Haemulon,Haemulon sciurus,InvMob,BtPlDw
Holocentridae,Holocentrus,Holocentrus adscensionis,InvMob,BtPlDw
Holocentridae,Holocentrus,Holocentrus rufus,InvMob,BtPlDw
Labridae,Halichoeres,Halichoeres bivittatus,InvMob,BnthDw
Labridae,Bodianus,Bodianus rufus,InvMob,BnthDw
Labridae,Thalassoma,Thalassoma bifasciatum,InvMob,BnthDw
Labridae,Halichoeres,Halichoeres pictus,InvMob,BnthDw
Labridae,Halichoeres,Halichoeres maculipinna,InvMob,BnthDw
Labrisomidae,Starksia,Starksia sp.,InvMob,BnthDw
Labrisomidae,Labrisomus,Labrisomus sp.,InvMob,BnthDw
Lutjanidae,Lutjanus,Lutjanus analis,FisCep,BtPlDw
Lutjanidae,Lutjanus,Lutjanus apodus,FisCep,BtPlDw
Lutjanidae,Lutjanus,Lutjanus jocu,FisCep,BtPlDw
Lutjanidae,Ocyurus,Ocyurus chrysurus,FisCep,BtPlDw
Lutjanidae,Lutjanus,Lutjanus mahogoni,FisCep,BtPlDw
Monacanthidae,Cantherhines,Cantherhines pullus,Omnivr,BtPlAs
Mullidae,Mulloidichthys,Mulloidichthys martinicus,InvMob,BnthDw
Mullidae,Pseudupeneus,Pseudupeneus maculatus,InvMob,BnthDw
Opistognathidae,Opistognathus,Opistognathus aurifrons,FisCep,BnthDw
Ostraciidae,Acanthostracion,Acanthostracion quadricornis,InvSes,BtPlDw
Pomacanthidae,Holacanthus,Holacanthus ciliaris,HerDet,BnthDw
Pomacanthidae,Pomacanthus,Pomacanthus arcuatus,HerDet,BnthDw
Pomacanthidae,Pomacanthus,Pomacanthus paru,HerDet,BnthDw
Pomacanthidae,Pomacanthus,Pomacanthus spp.,HerDet,BnthDw
Pomacentridae,Stegastes,Stegastes variabilis,HerMac,BnthDw
Pomacentridae,Stegastes,Stegastes planifrons,HerMac,BnthDw
Pomacentridae,Stegastes,Stegastes partitus,HerMac,BnthDw
Pomacentridae,Stegastes,Stegastes adustus,HerMac,BnthDw
Pomacentridae,Stegastes,Stegastes xanthurus,HerMac,BnthDw
Pomacentridae,Abudefduf,Abudefduf saxatilis,Plktiv,BtPlDw
Pomacentridae,Microspathodon,Microspathodon chrysurus,Omnivr,BnthDw
Pomacentridae,Stegastes,Stegastes diencaeus,HerMac,BnthDw
Pomacentridae,Stegastes,Stegastes leucostictus,HerMac,BnthDw
Priacanthidae,Priacanthus,Priacanthus arenatus,InvMob,BtPlDw
Labridae,Scarus,Scarus iseri,HerDet,BtPlDw
Labridae,Sparisoma,Sparisoma viride,HerDet,BtPlDw
Labridae,Sparisoma,Sparisoma aurofrenatum,HerDet,BtPlDw
Labridae,Sparisoma,Sparisoma chrysopterum,HerDet,BtPlDw
Labridae,Sparisoma,Sparisoma rubripinne,HerDet,BtPlDw
Labridae,Scarus,Scarus trispinosus,HerDet,BtPlDw
Labridae,Scarus,Scarus coelestinus,HerDet,BtPlDw
Labridae,Scarus,Scarus guacamaia,HerDet,BtPlDw
Labridae,Scarus,Scarus taeniopterus,HerDet,BtPlDw
Sciaenidae,Odontoscion,Odontoscion dentex,FisCep,BnthDw
Scombridae,Scomberomorus,Scomberomorus regalis,FisCep,PelgAs
Scombridae,Scomberomorus,Scomberomorus maculatus,FisCep,PelgAs
Scorpaenidae,Pterois,Pterois volitans,FisCep,BnthDw
Serranidae,Hypoplectrus,Hypoplectrus nigricans,FisCep,BnthAs
Serranidae,Hypoplectrus,Hypoplectrus puella,FisCep,BnthAs
Serranidae,Serranus,Serranus tigrinus,FisCep,BnthAs
Serranidae,Serranus,Serranus tortugarum,FisCep,BnthAs
Serranidae,Cephalopholis,Cephalopholis cruentata,FisCep,BnthAs
Serranidae,Mycteroperca,Mycteroperca bonaci,FisCep,BnthAs
Serranidae,Hypoplectrus,Hypoplectrus unicolor,FisCep,BnthAs
Serranidae,Serranus,Serranus flaviventris,FisCep,BnthAs
Serranidae,Hypoplectrus,Hypoplectrus spp.,FisCep,BnthAs
Serranidae,Rypticus,Rypticus saponaceus,FisCep,BnthAs
Serranidae,Hypoplectrus,Hypoplectrus gemma,FisCep,BnthAs
Serranidae,Epinephelus,Epinephelus guttatus,FisCep,BnthAs
Serranidae,Cephalopholis,Cephalopholis fulva,FisCep,BnthAs
Serranidae,Epinephelus,Epinephelus adscensionis,FisCep,BnthAs
Serranidae,Hypoplectrus,Hypoplectrus chlorurus,FisCep,BnthAs
Sparidae,Calamus,Calamus bajonado,InvMob,BnthDw
Sparidae,Sparidae,Sparidae spp.,InvMob,BnthDw
Synodontidae,Synodus,Synodus intermedius,FisCep,BnthDw
Tetraodontidae,Canthigaster,Canthigaster rostrata,Omnivr,BtPlAs
Tetraodontidae,Sphoeroides,Sphoeroides spengleri,Omnivr,BtPlAs
